siparis_id,urun_id,tedarikci_id,tarih,miktar,birim_fiyat,siparis_maliyeti_tl,toplam_tutar
1,1,2,2024-11-28,342.19,131.32,64.19,44936.390799999994
2,1,2,2025-04-24,354.38,131.32,64.19,46537.1816
3,1,2,2025-09-09,345.66,131.32,64.19,45392.0712
4,1,2,2026-03-17,308.93,131.32,64.19,40568.6876
5,2,2,2024-11-07,195.77,165.44,33.12,32388.1888
6,2,2,2025-03-13,174.01,165.44,33.12,28788.214399999997
7,2,2,2025-05-17,189.09,165.44,33.12,31283.0496
8,2,2,2025-08-26,186.12,165.44,33.12,30791.6928
9,2,2,2026-02-01,176.33,165.44,33.12,29172.0352
10,2,2,2026-04-17,197.47,165.44,33.12,32669.4368
11,3,14,2025-01-23,420.31,48.58,46.95,20418.6598
12,3,14,2025-06-02,503.66,48.58,46.95,24467.8028
13,3,14,2026-01-12,488.44,48.58,46.95,23728.4152
14,4,1,2025-07-06,412.6,162.36,29.33,66989.736
15,5,1,2025-10-06,427.34,90.44,68.43,38648.6296
16,6,2,2025-07-03,610.05,117.39,69.76,71613.7695
17,7,14,2025-01-30,170.25,161.33,33.67,27466.432500000003
18,7,14,2025-03-30,175.78,161.33,33.67,28358.587400000004
19,7,14,2025-05-30,185.17,161.33,33.67,29873.4761
20,7,14,2025-08-19,196.19,161.33,33.67,31651.332700000003
21,7,14,2026-01-09,177.82,161.33,33.67,28687.7006
22,7,14,2026-03-24,195.67,161.33,33.67,31567.4411
23,8,1,2025-02-27,335.72,55.77,58.14,18723.104400000004
24,8,1,2025-07-14,374.73,55.77,58.14,20898.692100000004
25,8,1,2026-03-20,385.96,55.77,58.14,21524.9892
26,9,2,2025-02-11,307.66,94.97,63.75,29218.470200000003
27,9,2,2025-04-29,299.29,94.97,63.75,28423.571300000003
28,9,2,2025-07-17,315.6,94.97,63.75,29972.532000000003
29,9,2,2025-12-22,318.12,94.97,63.75,30211.8564
30,9,2,2026-03-23,314.88,94.97,63.75,29904.1536
31,10,14,2025-03-13,314.03,96.23,39.46,30219.1069
32,10,14,2025-06-24,288.08,96.23,39.46,27721.9384
33,10,14,2025-11-17,280.94,96.23,39.46,27034.8562
34,10,14,2026-03-16,277.97,96.23,39.46,26749.053100000005
35,11,2,2024-10-31,369.64,52.55,32.66,19424.582
36,11,2,2025-04-04,337.64,52.55,32.66,17742.982
37,11,2,2025-07-12,313.71,52.55,32.66,16485.460499999997
38,11,2,2026-01-11,341.63,52.55,32.66,17952.656499999997
39,12,14,2025-12-26,435.78,163.31,28.57,71167.2318
40,13,14,2025-04-10,526.35,145.57,41.72,76620.7695
41,13,14,2026-01-09,432.73,145.57,41.72,62992.5061
42,14,1,2025-06-28,286.87,63.67,29.6,18265.0129
43,14,1,2026-04-06,263.96,63.67,29.6,16806.3332
44,15,14,2025-03-04,571.42,125.52,78.26,71724.6384
45,15,14,2026-01-04,619.88,125.52,78.26,77807.3376
46,16,14,2025-03-13,313.15,46.55,58.46,14577.132499999998
47,16,14,2025-06-13,307.67,46.55,58.46,14322.0385
48,16,14,2025-10-06,314.24,46.55,58.46,14627.872
49,16,14,2026-02-28,326.07,46.55,58.46,15178.5585
50,17,14,2025-01-30,559.5,103.69,50.46,58014.555
51,17,14,2025-08-26,605.6,103.69,50.46,62794.664
52,18,14,2024-11-19,250.65,129.42,42.43,32439.122999999996
53,18,14,2025-07-19,239.25,129.42,42.43,30963.734999999997
54,18,14,2026-04-23,236.88,129.42,42.43,30657.0096
55,19,1,2025-02-10,397.79,173.72,21.17,69104.0788
56,19,1,2025-06-12,373.08,173.72,21.17,64811.457599999994
57,19,1,2025-12-30,395.64,173.72,21.17,68730.5808
58,20,2,2024-12-09,173.22,163.63,72.68,28343.9886
59,20,2,2025-04-20,168.48,163.63,72.68,27568.3824
60,20,2,2025-08-28,164.08,163.63,72.68,26848.4104
61,20,2,2026-03-02,160.66,163.63,72.68,26288.7958
62,21,1,2024-11-01,196.7,56.56,59.59,11125.352
63,21,1,2025-02-03,210.03,56.56,59.59,11879.2968
64,21,1,2025-03-28,206.08,56.56,59.59,11655.884800000002
65,21,1,2025-05-17,210.35,56.56,59.59,11897.396
66,21,1,2025-07-11,196.55,56.56,59.59,11116.868
67,21,1,2025-10-04,197.74,56.56,59.59,11184.174400000002
68,21,1,2026-01-16,186.56,56.56,59.59,10551.8336
69,21,1,2026-03-14,193.64,56.56,59.59,10952.2784
70,21,1,2026-04-30,220.57,56.56,59.59,12475.4392
71,22,14,2025-02-11,263.71,67.29,65.32,17745.0459
72,22,14,2025-04-26,271.46,67.29,65.32,18266.5434
73,22,14,2025-07-19,326.54,67.29,65.32,21972.876600000003
74,22,14,2026-01-04,307.51,67.29,65.32,20692.3479
75,22,14,2026-04-07,279.38,67.29,65.32,18799.4802
76,23,14,2025-06-17,494.85,141.25,47.09,69897.5625
77,23,14,2026-04-02,556.94,141.25,47.09,78667.77500000001
78,24,14,2024-10-31,368.28,53.64,24.26,19754.5392
79,24,14,2025-06-17,340.2,53.64,24.26,18248.328
80,24,14,2026-03-30,346.84,53.64,24.26,18604.4976
81,25,2,2025-04-10,585.57,75.91,36.71,44450.6187
82,26,14,2025-02-09,490.65,117.8,67.08,57798.56999999999
83,26,14,2025-08-04,522.72,117.8,67.08,61576.416000000005
84,26,14,2026-04-18,489.22,117.8,67.08,57630.116
85,27,2,2025-06-17,527.42,70.71,48.02,37293.8682
86,28,1,2025-03-02,502.82,135.9,68.04,68333.238
87,28,1,2025-06-30,546.18,135.9,68.04,74225.862
88,28,1,2026-02-16,517.34,135.9,68.04,70306.50600000001
89,29,1,2025-01-02,276.69,70.86,47.76,19606.2534
90,29,1,2025-04-03,270.36,70.86,47.76,19157.7096
91,29,1,2025-07-05,280.47,70.86,47.76,19874.1042
92,29,1,2026-01-02,268.46,70.86,47.76,19023.0756
93,29,1,2026-04-03,293.65,70.86,47.76,20808.038999999997
94,30,14,2025-03-15,201.86,55.18,79.96,11138.6348
95,30,14,2025-07-25,204.75,55.18,79.96,11298.105
96,30,14,2026-03-02,204.13,55.18,79.96,11263.8934
97,31,7,2025-11-08,261.61,244.11,48.88,63861.61710000001
98,32,7,2025-01-30,189.67,231.46,67.04,43901.0182
99,32,7,2025-03-18,173.46,231.46,67.04,40149.051600000006
100,32,7,2025-05-01,210.72,231.46,67.04,48773.2512
101,32,7,2025-06-29,196.59,231.46,67.04,45502.7214
102,32,7,2025-09-04,167.27,231.46,67.04,38716.3142
103,32,7,2025-12-06,176.87,231.46,67.04,40938.3302
104,32,7,2026-02-05,175.21,231.46,67.04,40554.10660000001
105,32,7,2026-03-17,177.7,231.46,67.04,41130.441999999995
106,32,7,2026-04-25,184.12,231.46,67.04,42616.4152
107,33,15,2024-10-31,126.88,140.37,37.8,17810.1456
108,33,15,2025-02-08,120.37,140.37,37.8,16896.336900000002
109,33,15,2025-04-01,133.65,140.37,37.8,18760.450500000003
110,33,15,2025-05-31,126.15,140.37,37.8,17707.6755
111,33,15,2025-08-15,128.58,140.37,37.8,18048.7746
112,33,15,2025-12-30,130.24,140.37,37.8,18281.7888
113,33,15,2026-03-10,118.66,140.37,37.8,16656.3042
114,34,15,2024-10-31,140.94,170.04,55.05,23965.437599999997
115,34,15,2025-01-18,113.66,170.04,55.05,19326.7464
116,34,15,2025-03-01,98.44,170.04,55.05,16738.7376
117,34,15,2025-04-01,111.98,170.04,55.05,19041.0792
118,34,15,2025-05-12,106.67,170.04,55.05,18138.1668
119,34,15,2025-06-17,94.55,170.04,55.05,16077.282
120,34,15,2025-07-28,101.25,170.04,55.05,17216.55
121,34,15,2025-10-02,101.52,170.04,55.05,17262.460799999997
122,34,15,2025-12-26,111.21,170.04,55.05,18910.1484
123,34,15,2026-02-16,109.04,170.04,55.05,18541.1616
124,34,15,2026-03-26,113.21,170.04,55.05,19250.228399999996
125,35,15,2025-02-01,509.24,222.02,24.11,113061.4648
126,35,15,2025-07-08,481.75,222.02,24.11,106958.135
127,35,15,2026-03-06,483.62,222.02,24.11,107373.3124
128,36,15,2025-03-25,332.57,223.75,22.38,74412.53749999999
129,36,15,2025-09-15,343.71,223.75,22.38,76905.11249999999
130,36,15,2026-04-09,333.66,223.75,22.38,74656.425
131,37,12,2025-01-26,183.21,184.9,62.97,33875.529
132,37,12,2025-03-25,194.05,184.9,62.97,35879.845
133,37,12,2025-05-24,162.32,184.9,62.97,30012.968
134,37,12,2025-07-21,168.86,184.9,62.97,31222.214000000004
135,37,12,2025-10-20,160.24,184.9,62.97,29628.376000000004
136,37,12,2026-02-02,185.01,184.9,62.97,34208.349
137,37,12,2026-04-03,160.05,184.9,62.97,29593.245000000003
138,38,12,2024-10-31,199.01,135.2,20.56,26906.152
139,38,12,2025-03-27,200.58,135.2,20.56,27118.416
140,38,12,2025-07-21,192.03,135.2,20.56,25962.456
141,38,12,2026-01-27,204.59,135.2,20.56,27660.568
142,39,15,2024-12-28,289.49,166.97,27.95,48336.1453
143,39,15,2025-03-24,303.93,166.97,27.95,50747.1921
144,39,15,2025-06-08,343.73,166.97,27.95,57392.5981
145,39,15,2025-10-11,346.04,166.97,27.95,57778.2988
146,39,15,2026-03-01,307.35,166.97,27.95,51318.2295
147,40,12,2025-08-12,328.16,73.07,62.21,23978.6512
148,41,7,2024-12-16,392.13,247.57,76.34,97079.6241
149,42,15,2025-03-14,225.62,81.93,56.29,18485.0466
150,42,15,2025-09-27,245.59,81.93,56.29,20121.1887
151,43,12,2024-12-14,252.05,98.68,74.32,24872.294
152,43,12,2025-03-10,298.85,98.68,74.32,29490.518000000004
153,43,12,2025-05-16,296.64,98.68,74.32,29272.4352
154,43,12,2025-08-11,257.74,98.68,74.32,25433.7832
155,43,12,2025-12-22,297.99,98.68,74.32,29405.653200000004
156,43,12,2026-03-22,301.81,98.68,74.32,29782.6108
157,44,12,2025-05-31,112.19,77.54,66.27,8699.2126
158,45,15,2024-10-31,388.87,109.77,26.71,42686.2599
159,45,15,2025-05-13,352.81,109.77,26.71,38727.9537
160,45,15,2026-01-22,285.79,109.77,26.71,31371.1683
161,46,7,2025-02-09,312.98,191.29,28.89,59869.9442
162,46,7,2025-05-03,360.76,191.29,28.89,69009.78039999999
163,46,7,2025-08-19,300.98,191.29,28.89,57574.4642
164,46,7,2026-01-17,341.12,191.29,28.89,65252.8448
165,46,7,2026-04-25,327.86,191.29,28.89,62716.3394
166,47,7,2025-04-15,185.11,118.57,34.97,21948.4927
167,47,7,2025-12-25,177.17,118.57,34.97,21007.0469
168,48,12,2026-03-30,224.39,208.22,29.75,46722.485799999995
169,49,7,2025-03-27,478.61,93.64,68.13,44817.0404
170,49,7,2025-08-22,409.75,93.64,68.13,38368.99
171,49,7,2026-03-03,457.75,93.64,68.13,42863.71
172,50,15,2024-10-31,273.91,214.04,71.52,58627.6964
173,50,15,2025-04-15,288.4,214.04,71.52,61729.13599999999
174,50,15,2025-08-30,297.0,214.04,71.52,63569.88
175,50,15,2026-03-20,259.17,214.04,71.52,55472.7468
176,51,11,2024-10-31,187.11,382.14,59.6,71502.2154
177,51,11,2025-07-03,177.16,382.14,59.6,67699.9224
178,52,11,2025-01-25,269.72,183.08,60.77,49380.337600000006
179,52,11,2025-03-27,297.54,183.08,60.77,54473.62320000001
180,52,11,2025-06-23,266.02,183.08,60.77,48702.9416
181,52,11,2025-11-04,284.69,183.08,60.77,52121.0452
182,52,11,2026-02-20,272.76,183.08,60.77,49936.9008
183,52,11,2026-04-12,264.16,183.08,60.77,48362.412800000006
184,53,11,2025-01-17,312.06,202.53,22.3,63201.5118
185,53,11,2025-04-19,316.85,202.53,22.3,64171.63050000001
186,53,11,2025-09-18,335.07,202.53,22.3,67861.7271
187,53,11,2026-03-07,331.17,202.53,22.3,67071.8601
188,54,11,2024-11-25,256.84,207.9,43.11,53397.03599999999
189,54,11,2025-03-08,300.88,207.9,43.11,62552.952
190,54,11,2025-06-23,269.2,207.9,43.11,55966.68
191,54,11,2025-12-13,262.53,207.9,43.11,54579.986999999994
192,54,11,2026-03-20,260.26,207.9,43.11,54108.054
193,55,3,2025-04-25,315.99,174.25,63.17,55061.2575
194,55,3,2026-01-04,292.88,174.25,63.17,51034.34
195,56,3,2025-02-02,180.4,328.13,70.88,59194.652
196,56,3,2025-04-04,220.09,328.13,70.88,72218.1317
197,56,3,2025-08-04,196.13,328.13,70.88,64356.1369
198,56,3,2026-01-25,191.21,328.13,70.88,62741.7373
199,56,3,2026-04-03,213.76,328.13,70.88,70141.0688
200,57,11,2025-03-25,261.42,191.12,53.26,49962.5904
201,57,11,2026-03-05,267.67,191.12,53.26,51157.0904
202,58,15,2025-02-24,341.46,326.02,44.36,111322.78919999998
203,58,15,2026-01-05,363.1,326.02,44.36,118377.862
204,59,15,2025-02-24,207.52,192.43,46.51,39933.0736
205,59,15,2025-12-18,188.32,192.43,46.51,36238.4176
206,60,15,2024-12-21,112.73,269.13,50.93,30339.0249
207,60,15,2025-02-09,107.14,269.13,50.93,28834.5882
208,60,15,2025-03-10,122.29,269.13,50.93,32911.9077
209,60,15,2025-04-13,114.74,269.13,50.93,30879.976199999997
210,60,15,2025-06-07,112.1,269.13,50.93,30169.473
211,60,15,2025-08-16,107.54,269.13,50.93,28942.2402
212,60,15,2025-11-29,103.52,269.13,50.93,27860.3376
213,60,15,2026-01-26,116.39,269.13,50.93,31324.0407
214,60,15,2026-03-06,102.22,269.13,50.93,27510.4686
215,60,15,2026-04-04,104.47,269.13,50.93,28116.0111
216,61,3,2024-11-29,155.12,204.02,28.84,31647.582400000003
217,61,3,2025-02-10,160.48,204.02,28.84,32741.1296
218,61,3,2025-03-25,158.16,204.02,28.84,32267.8032
219,61,3,2025-05-25,154.29,204.02,28.84,31478.2458
220,61,3,2025-08-15,167.9,204.02,28.84,34254.958000000006
221,61,3,2026-01-05,161.09,204.02,28.84,32865.5818
222,61,3,2026-03-09,146.87,204.02,28.84,29964.4174
223,61,3,2026-04-20,158.05,204.02,28.84,32245.361000000004
224,62,3,2024-12-29,225.86,444.06,63.1,100295.3916
225,62,3,2025-03-10,249.34,444.06,63.1,110721.9204
226,62,3,2025-05-29,264.79,444.06,63.1,117582.64740000002
227,62,3,2025-11-24,227.47,444.06,63.1,101010.3282
228,62,3,2026-02-26,240.15,444.06,63.1,106641.009
229,63,15,2025-01-17,114.26,227.87,33.13,26036.4262
230,63,15,2025-02-24,140.57,227.87,33.13,32031.6859
231,63,15,2025-04-08,126.37,227.87,33.13,28795.931900000003
232,63,15,2025-06-13,129.35,227.87,33.13,29474.9845
233,63,15,2025-08-30,133.04,227.87,33.13,30315.8248
234,63,15,2026-01-02,143.44,227.87,33.13,32685.6728
235,63,15,2026-02-24,122.86,227.87,33.13,27996.1082
236,63,15,2026-04-11,140.87,227.87,33.13,32100.0469
237,64,15,2025-01-03,134.16,337.49,28.0,45277.6584
238,64,15,2025-02-11,112.4,337.49,28.0,37933.876
239,64,15,2025-03-10,129.32,337.49,28.0,43644.2068
240,64,15,2025-04-10,124.79,337.49,28.0,42115.377100000005
241,64,15,2025-05-13,132.34,337.49,28.0,44663.4266
242,64,15,2025-07-10,132.75,337.49,28.0,44801.7975
243,64,15,2025-09-04,128.17,337.49,28.0,43256.0933
244,64,15,2025-11-25,114.55,337.49,28.0,38659.4795
245,64,15,2026-01-13,129.34,337.49,28.0,43650.956600000005
246,64,15,2026-02-15,108.4,337.49,28.0,36583.916000000005
247,64,15,2026-03-12,121.62,337.49,28.0,41045.533800000005
248,64,15,2026-04-10,135.32,337.49,28.0,45669.1468
249,65,11,2025-03-21,273.37,276.52,69.83,75592.2724
250,65,11,2025-12-04,264.21,276.52,69.83,73059.34919999998
251,66,11,2025-02-13,153.83,411.97,34.83,63373.345100000006
252,66,11,2025-04-12,181.97,411.97,34.83,74966.1809
253,66,11,2025-08-03,186.26,411.97,34.83,76733.5322
254,66,11,2026-01-16,158.24,411.97,34.83,65190.13280000001
255,66,11,2026-03-20,167.59,411.97,34.83,69042.05230000001
256,67,15,2025-03-09,189.3,363.35,24.65,68782.15500000001
257,67,15,2025-12-09,193.23,363.35,24.65,70210.1205
258,68,15,2024-11-25,123.77,180.53,33.88,22344.1981
259,68,15,2025-01-26,149.2,180.53,33.88,26935.075999999997
260,68,15,2025-03-10,126.18,180.53,33.88,22779.2754
261,68,15,2025-04-17,144.59,180.53,33.88,26102.8327
262,68,15,2025-06-23,124.69,180.53,33.88,22510.2857
263,68,15,2025-08-18,125.33,180.53,33.88,22625.8249
264,68,15,2025-11-29,144.24,180.53,33.88,26039.647200000003
265,68,15,2026-02-06,129.94,180.53,33.88,23458.0682
266,68,15,2026-03-14,146.02,180.53,33.88,26360.9906
267,68,15,2026-04-26,144.47,180.53,33.88,26081.1691
268,69,11,2025-02-21,335.47,341.38,44.95,114522.7486
269,69,11,2025-06-17,321.74,341.38,44.95,109835.6012
270,69,11,2026-01-13,300.07,341.38,44.95,102437.8966
271,69,11,2026-04-11,306.66,341.38,44.95,104687.5908
272,70,15,2025-03-01,356.97,235.45,48.62,84048.5865
273,70,15,2025-10-09,317.23,235.45,48.62,74691.8035
274,70,15,2026-04-13,369.82,235.45,48.62,87074.11899999999
275,71,11,2026-02-19,272.41,190.49,73.87,51891.3809
276,72,11,2024-12-10,247.89,180.99,70.43,44865.6111
277,72,11,2025-02-25,245.15,180.99,70.43,44369.698500000006
278,72,11,2025-05-01,244.68,180.99,70.43,44284.6332
279,72,11,2025-07-29,252.82,180.99,70.43,45757.8918
280,72,11,2026-01-05,248.84,180.99,70.43,45037.551600000006
281,72,11,2026-03-08,266.94,180.99,70.43,48313.4706
282,73,11,2025-03-06,279.68,442.87,21.63,123861.8816
283,73,11,2025-06-01,295.68,442.87,21.63,130947.8016
284,73,11,2025-11-07,286.88,442.87,21.63,127050.5456
285,73,11,2026-03-02,317.63,442.87,21.63,140668.7981
286,74,3,2025-01-10,223.69,130.21,32.7,29126.6749
287,74,3,2025-03-03,224.59,130.21,32.7,29243.863900000004
288,74,3,2025-04-22,247.4,130.21,32.7,32213.954
289,74,3,2025-07-20,253.72,130.21,32.7,33036.8812
290,74,3,2025-12-09,242.16,130.21,32.7,31531.6536
291,74,3,2026-02-22,247.49,130.21,32.7,32225.6729
292,74,3,2026-04-17,232.2,130.21,32.7,30234.762
293,75,11,2025-01-07,101.46,361.65,21.16,36693.009
294,75,11,2025-02-06,95.21,361.65,21.16,34432.6965
295,75,11,2025-02-28,91.09,361.65,21.16,32942.6985
296,75,11,2025-03-18,97.13,361.65,21.16,35127.06449999999
297,75,11,2025-04-15,99.01,361.65,21.16,35806.9665
298,75,11,2025-05-13,102.27,361.65,21.16,36985.945499999994
299,75,11,2025-06-27,93.87,361.65,21.16,33948.0855
300,75,11,2025-08-03,93.43,361.65,21.16,33788.9595
301,75,11,2025-09-25,108.0,361.65,21.16,39058.2
302,75,11,2025-12-13,98.25,361.65,21.16,35532.112499999996
303,75,11,2026-01-17,93.24,361.65,21.16,33720.246
304,75,11,2026-02-15,106.89,361.65,21.16,38656.7685
305,75,11,2026-03-10,94.71,361.65,21.16,34251.871499999994
306,75,11,2026-03-31,99.83,361.65,21.16,36103.519499999995
307,76,4,2025-03-20,956.63,119.99,65.25,114786.0337
308,77,5,2025-02-17,293.3,47.94,60.17,14060.802
309,77,5,2025-05-27,294.77,47.94,60.17,14131.2738
310,77,5,2025-10-13,326.37,47.94,60.17,15646.1778
311,77,5,2026-03-26,299.28,47.94,60.17,14347.4832
312,79,13,2024-10-31,797.04,100.0,75.73,79704.0
313,79,13,2026-02-14,783.33,100.0,75.73,78333.0
314,80,4,2025-04-10,290.8,111.72,61.44,32488.176
315,80,4,2025-09-15,268.66,111.72,61.44,30014.6952
316,80,4,2026-03-16,291.42,111.72,61.44,32557.4424
317,81,4,2025-01-30,949.69,39.17,67.77,37199.3573
318,81,4,2026-02-06,974.15,39.17,67.77,38157.4555
319,82,4,2025-03-17,277.61,33.7,58.85,9355.457000000002
320,82,4,2025-08-04,246.12,33.7,58.85,8294.244
321,82,4,2026-02-09,261.53,33.7,58.85,8813.561
322,84,4,2025-08-17,753.95,69.19,75.18,52165.800500000005
323,85,4,2025-09-04,492.3,71.84,69.84,35366.832
324,88,5,2024-10-31,388.0,93.11,34.48,36126.68
325,88,5,2025-04-15,360.42,93.11,34.48,33558.7062
326,88,5,2025-09-08,352.66,93.11,34.48,32836.172600000005
327,88,5,2026-03-15,356.98,93.11,34.48,33238.4078
328,89,13,2025-05-08,742.91,79.97,46.89,59410.5127
329,90,5,2025-05-04,848.31,56.48,42.14,47912.5488
330,90,5,2026-03-13,822.6,56.48,42.14,46460.448
331,91,15,2026-01-17,301.89,85.16,47.22,25708.9524
332,92,13,2025-07-03,461.83,65.34,77.05,30175.9722
333,92,13,2025-11-06,489.87,65.34,77.05,32008.1058
334,93,13,2025-04-18,365.82,58.52,51.48,21407.7864
335,93,13,2025-09-28,389.14,58.52,51.48,22772.4728
336,93,13,2026-02-24,360.8,58.52,51.48,21114.016000000003
337,94,8,2025-04-08,221.51,42.59,20.85,9434.1109
338,94,8,2025-12-11,212.72,42.59,20.85,9059.7448
339,95,15,2024-12-17,453.77,73.0,58.27,33125.21
340,95,15,2025-10-11,501.56,73.0,58.27,36613.88
341,96,13,2025-01-02,313.11,42.95,40.44,13448.0745
342,96,13,2025-07-11,312.27,42.95,40.44,13411.9965
343,96,13,2025-10-11,362.24,42.95,40.44,15558.208
344,96,13,2026-02-23,326.84,42.95,40.44,14037.778
345,97,8,2024-11-23,146.13,69.18,49.5,10109.2734
346,97,8,2025-03-21,143.7,69.18,49.5,9941.166
347,97,8,2025-08-10,125.56,69.18,49.5,8686.240800000001
348,97,8,2025-10-10,125.65,69.18,49.5,8692.467
349,97,8,2025-12-14,125.14,69.18,49.5,8657.185200000002
350,97,8,2026-03-16,126.12,69.18,49.5,8724.981600000001
351,98,15,2024-10-31,260.04,145.13,79.64,37739.605200000005
352,98,15,2025-10-25,258.5,145.13,79.64,37516.105
353,99,15,2025-07-31,447.21,158.78,42.82,71008.00379999999
354,99,15,2025-12-04,554.86,158.78,42.82,88100.6708
355,100,13,2025-08-09,369.87,77.04,23.61,28494.7848
356,101,15,2024-11-09,256.04,42.37,29.42,10848.4148
357,101,15,2025-06-21,293.06,42.37,29.42,12416.9522
358,101,15,2025-11-24,282.19,42.37,29.42,11956.3903
359,102,13,2025-01-31,356.03,38.14,37.48,13578.9842
360,102,13,2025-09-04,393.21,38.14,37.48,14997.0294
361,102,13,2026-01-19,370.62,38.14,37.48,14135.4468
362,103,13,2025-01-06,450.93,148.72,75.43,67062.30960000001
363,103,13,2025-09-05,471.51,148.72,75.43,70122.9672
364,103,13,2026-02-17,520.66,148.72,75.43,77432.55519999999
365,104,8,2025-08-16,163.66,134.39,33.49,21994.267399999997
366,105,8,2025-02-20,266.93,71.49,64.94,19082.8257
367,105,8,2025-08-12,304.21,71.49,64.94,21747.972899999997
368,105,8,2025-11-25,288.36,71.49,64.94,20614.8564
369,106,15,2025-11-09,443.22,75.51,76.56,33467.5422
370,108,15,2024-12-29,141.94,40.98,69.29,5816.7011999999995
371,108,15,2025-04-24,115.8,40.98,69.29,4745.4839999999995
372,108,15,2025-07-31,128.22,40.98,69.29,5254.455599999999
373,108,15,2025-09-26,116.61,40.98,69.29,4778.6777999999995
374,108,15,2025-11-14,117.44,40.98,69.29,4812.691199999999
375,108,15,2026-01-15,116.44,40.98,69.29,4771.7112
376,109,15,2025-03-09,283.63,158.54,30.89,44966.7002
377,109,15,2026-03-21,310.6,158.54,30.89,49242.524
378,110,8,2025-05-15,281.97,136.09,40.0,38373.297300000006
379,110,8,2026-01-16,308.1,136.09,40.0,41929.329000000005
380,111,15,2025-02-28,252.88,258.03,76.71,65250.626399999994
381,111,15,2025-06-20,279.01,258.03,76.71,71992.9503
382,111,15,2025-10-16,305.51,258.03,76.71,78830.7453
383,111,15,2026-02-23,290.12,258.03,76.71,74859.6636
384,112,4,2024-11-16,309.96,167.28,78.21,51850.108799999995
385,112,4,2025-05-19,321.75,167.28,78.21,53822.34
386,112,4,2025-11-27,330.39,167.28,78.21,55267.6392
387,113,15,2025-04-01,453.68,156.81,23.25,71141.5608
388,113,15,2025-10-18,439.63,156.81,23.25,68938.3803
389,113,15,2026-04-16,473.76,156.81,23.25,74290.30559999999
390,114,4,2025-10-24,278.56,188.68,52.95,52558.7008
391,115,9,2025-05-29,721.79,134.24,67.96,96893.0896
392,115,9,2026-03-08,657.48,134.24,67.96,88260.11520000001
393,116,4,2025-01-24,260.05,96.67,47.69,25139.0335
394,117,15,2025-04-07,531.28,250.48,44.93,133075.0144
395,117,15,2026-04-20,465.46,250.48,44.93,116588.4208
396,118,9,2025-02-24,205.92,144.3,64.78,29714.256
397,118,9,2025-06-01,199.15,144.3,64.78,28737.345000000005
398,118,9,2025-09-02,190.2,144.3,64.78,27445.86
399,118,9,2025-12-07,224.79,144.3,64.78,32437.197
400,118,9,2026-03-22,202.65,144.3,64.78,29242.395000000004
401,120,15,2024-12-29,398.77,219.19,46.79,87406.3963
402,120,15,2025-08-28,416.75,219.19,46.79,91347.4325
403,121,4,2024-11-19,338.85,103.07,78.85,34925.2695
404,121,4,2025-04-01,300.45,103.07,78.85,30967.381499999996
405,121,4,2025-07-29,342.11,103.07,78.85,35261.2777
406,121,4,2025-12-18,343.14,103.07,78.85,35367.43979999999
407,122,4,2025-04-17,369.25,117.98,48.38,43564.115
408,122,4,2025-10-11,355.62,117.98,48.38,41956.047600000005
409,122,4,2026-04-04,348.24,117.98,48.38,41085.355200000005
410,123,15,2024-11-23,491.29,117.46,27.57,57706.9234
411,124,4,2025-06-10,523.22,102.94,20.92,53860.266800000005
412,124,4,2026-03-08,504.17,102.94,20.92,51899.2598
413,125,9,2025-04-28,686.43,261.93,40.31,179796.60989999998
414,126,15,2025-01-18,318.92,196.7,57.61,62731.564
415,126,15,2025-08-01,336.04,196.7,57.61,66099.068
416,126,15,2026-03-07,354.8,196.7,57.61,69789.16
417,127,15,2026-03-27,301.12,148.94,61.06,44848.8128
418,128,9,2024-11-14,689.91,72.11,46.62,49749.410099999994
419,128,9,2025-06-27,625.27,72.11,46.62,45088.2197
420,128,9,2026-02-03,672.14,72.11,46.62,48468.0154
421,129,9,2025-01-21,385.01,271.51,45.84,104534.0651
422,129,9,2025-08-01,334.31,271.51,45.84,90768.5081
423,129,9,2026-02-10,358.48,271.51,45.84,97330.9048
424,130,9,2024-11-07,230.1,126.56,56.57,29121.456
425,130,9,2025-03-02,212.92,126.56,56.57,26947.155199999997
426,130,9,2025-06-15,234.9,126.56,56.57,29728.944
427,130,9,2025-10-24,221.44,126.56,56.57,28025.4464
428,130,9,2026-02-14,224.1,126.56,56.57,28362.096
429,131,15,2024-12-17,137.08,343.15,58.27,47039.002
430,131,15,2025-02-06,136.37,343.15,58.27,46795.3655
431,131,15,2025-03-28,146.62,343.15,58.27,50312.653
432,131,15,2025-05-19,154.11,343.15,58.27,52882.8465
433,131,15,2025-07-15,142.89,343.15,58.27,49032.70349999999
434,131,15,2025-09-15,124.73,343.15,58.27,42801.0995
435,131,15,2025-11-14,134.71,343.15,58.27,46225.7365
436,131,15,2026-01-12,135.14,343.15,58.27,46373.29099999999
437,131,15,2026-03-10,144.87,343.15,58.27,49712.1405
438,131,15,2026-04-26,125.19,343.15,58.27,42958.9485
439,132,4,2025-05-22,338.28,335.09,29.48,113354.24519999998
440,132,4,2026-03-06,317.22,335.09,29.48,106297.2498
441,133,15,2025-09-12,293.06,176.05,47.41,51593.213
442,134,10,2024-12-24,201.02,499.69,41.54,100447.6838
443,134,10,2025-03-07,217.32,499.69,41.54,108592.6308
444,134,10,2025-05-18,209.3,499.69,41.54,104585.117
445,134,10,2025-08-08,182.44,499.69,41.54,91163.4436
446,134,10,2025-10-21,196.68,499.69,41.54,98279.0292
447,134,10,2026-01-03,198.08,499.69,41.54,98978.5952
448,134,10,2026-03-13,191.81,499.69,41.54,95845.5389
449,135,15,2024-10-31,141.3,351.14,53.96,49616.082
450,135,15,2024-12-28,138.56,351.14,53.96,48653.9584
451,135,15,2025-03-01,148.55,351.14,53.96,52161.847
452,135,15,2025-05-05,131.37,351.14,53.96,46129.2618
453,135,15,2025-07-01,156.61,351.14,53.96,54992.0354
454,135,15,2025-09-13,146.32,351.14,53.96,51378.8048
455,135,15,2025-11-28,145.74,351.14,53.96,51175.1436
456,135,15,2026-02-05,143.19,351.14,53.96,50279.7366
457,135,15,2026-04-09,146.3,351.14,53.96,51371.782
458,136,15,2025-01-09,404.54,373.61,66.54,151140.1894
459,136,15,2025-07-05,410.47,373.61,66.54,153355.69670000003
460,136,15,2026-01-31,411.64,373.61,66.54,153792.8204
461,137,10,2024-11-02,118.92,401.96,57.69,47801.0832
462,137,10,2025-01-28,124.93,401.96,57.69,50216.8628
463,137,10,2025-05-05,109.67,401.96,57.69,44082.9532
464,137,10,2025-07-24,111.11,401.96,57.69,44661.7756
465,137,10,2025-10-13,100.99,401.96,57.69,40593.9404
466,137,10,2026-01-01,117.61,401.96,57.69,47274.5156
467,137,10,2026-03-15,109.99,401.96,57.69,44211.5804
468,138,4,2025-02-07,332.59,324.94,63.94,108071.7946
469,138,4,2025-07-27,295.8,324.94,63.94,96117.252
470,138,4,2026-01-05,321.35,324.94,63.94,104419.469
471,139,10,2024-11-30,91.69,151.08,52.36,13852.5252
472,139,10,2025-01-02,85.05,151.08,52.36,12849.354
473,139,10,2025-02-01,91.16,151.08,52.36,13772.4528
474,139,10,2025-03-01,82.67,151.08,52.36,12489.7836
475,139,10,2025-03-31,83.33,151.08,52.36,12589.4964
476,139,10,2025-04-27,86.3,151.08,52.36,13038.204000000002
477,139,10,2025-05-26,84.84,151.08,52.36,12817.6272
478,139,10,2025-06-28,80.05,151.08,52.36,12093.954
479,139,10,2025-07-28,87.82,151.08,52.36,13267.8456
480,139,10,2025-08-28,92.93,151.08,52.36,14039.864400000002
481,139,10,2025-10-02,97.79,151.08,52.36,14774.113200000002
482,139,10,2025-11-15,83.28,151.08,52.36,12581.942400000002
483,139,10,2025-12-22,79.34,151.08,52.36,11986.687200000002
484,139,10,2026-01-18,83.12,151.08,52.36,12557.7696
485,139,10,2026-02-13,98.18,151.08,52.36,14833.034400000002
486,139,10,2026-03-13,81.88,151.08,52.36,12370.4304
487,139,10,2026-04-12,90.83,151.08,52.36,13722.5964
488,140,10,2026-01-25,386.93,267.77,78.04,103608.2461
489,141,4,2025-01-24,111.5,435.85,77.99,48597.275
490,141,4,2025-04-15,113.05,435.85,77.99,49272.8425
491,141,4,2025-07-08,100.18,435.85,77.99,43663.45300000001
492,141,4,2025-10-09,110.79,435.85,77.99,48287.821500000005
493,141,4,2026-01-18,100.16,435.85,77.99,43654.736
494,141,4,2026-04-05,103.22,435.85,77.99,44988.437000000005
495,142,15,2024-11-30,59.79,363.49,20.84,21733.0671
496,142,15,2025-01-30,54.78,363.49,20.84,19911.9822
497,142,15,2025-03-18,52.77,363.49,20.84,19181.3673
498,142,15,2025-05-01,55.86,363.49,20.84,20304.5514
499,142,15,2025-06-23,57.5,363.49,20.84,20900.675
500,142,15,2025-08-21,55.86,363.49,20.84,20304.5514
501,142,15,2025-10-20,55.79,363.49,20.84,20279.1071
502,142,15,2025-12-16,56.61,363.49,20.84,20577.1689
503,142,15,2026-02-07,54.67,363.49,20.84,19871.998300000003
504,142,15,2026-03-23,53.37,363.49,20.84,19399.4613
505,143,15,2025-01-26,313.53,230.12,69.35,72149.5236
506,143,15,2025-06-08,306.8,230.12,69.35,70600.816
507,143,15,2025-11-15,316.31,230.12,69.35,72789.25720000001
508,143,15,2026-04-06,276.23,230.12,69.35,63566.047600000005
509,144,10,2025-06-20,237.45,58.63,74.92,13921.6935
510,145,15,2025-04-25,296.77,36.29,27.0,10769.7833
511,145,15,2026-03-08,345.68,36.29,27.0,12544.7272
512,146,10,2025-02-10,140.24,23.42,28.14,3284.4208000000003
513,146,10,2025-05-17,153.31,23.42,28.14,3590.5202000000004
514,146,10,2025-09-02,155.09,23.42,28.14,3632.2078
515,146,10,2026-01-04,146.87,23.42,28.14,3439.6954000000005
516,146,10,2026-04-16,131.51,23.42,28.14,3079.9642
517,147,15,2025-01-30,285.23,336.89,73.12,96091.1347
518,147,15,2026-04-19,264.51,336.89,73.12,89110.7739
519,148,4,2025-03-29,335.77,417.68,33.04,140244.4136
520,148,4,2025-12-29,353.15,417.68,33.04,147503.69199999998
521,149,15,2024-12-30,283.52,121.88,23.63,34555.41759999999
522,149,15,2025-03-29,285.65,121.88,23.63,34815.022
523,149,15,2025-06-29,266.5,121.88,23.63,32481.02
524,149,15,2025-09-29,253.91,121.88,23.63,30946.550799999997
525,149,15,2026-01-02,261.45,121.88,23.63,31865.526
526,149,15,2026-04-05,295.37,121.88,23.63,35999.6956
527,150,4,2025-03-06,305.7,484.26,58.5,148038.28199999998
528,150,4,2026-03-17,325.41,484.26,58.5,157583.0466
529,151,6,2024-12-19,236.86,26.87,32.31,6364.4282
530,151,6,2025-03-13,207.53,26.87,32.31,5576.3311
531,151,6,2025-05-20,229.3,26.87,32.31,6161.291
532,151,6,2025-08-10,235.67,26.87,32.31,6332.4529
533,151,6,2025-11-07,224.29,26.87,32.31,6026.6723
534,151,6,2026-02-13,202.67,26.87,32.31,5445.7429
535,151,6,2026-04-24,212.91,26.87,32.31,5720.8917
536,152,6,2024-11-16,219.67,447.82,67.32,98372.6194
537,152,6,2025-02-21,226.3,447.82,67.32,101341.666
538,152,6,2025-05-26,205.98,447.82,67.32,92241.9636
539,152,6,2025-08-24,191.43,447.82,67.32,85726.1826
540,152,6,2025-11-21,227.84,447.82,67.32,102031.3088
541,152,6,2026-03-01,231.0,447.82,67.32,103446.42
542,153,6,2024-12-17,84.04,229.05,30.47,19249.362
543,153,6,2025-01-30,82.68,229.05,30.47,18937.854000000003
544,153,6,2025-03-07,72.75,229.05,30.47,16663.3875
545,153,6,2025-04-12,72.58,229.05,30.47,16624.449
546,153,6,2025-05-16,87.32,229.05,30.47,20000.646
547,153,6,2025-06-27,79.33,229.05,30.47,18170.5365
548,153,6,2025-08-03,83.48,229.05,30.47,19121.094
549,153,6,2025-09-16,77.97,229.05,30.47,17859.0285
550,153,6,2025-11-01,84.34,229.05,30.47,19318.077
551,153,6,2025-12-22,83.69,229.05,30.47,19169.1945
552,153,6,2026-02-02,77.01,229.05,30.47,17639.1405
553,153,6,2026-03-15,84.54,229.05,30.47,19363.887
554,153,6,2026-04-27,80.72,229.05,30.47,18488.916
555,154,6,2024-10-31,114.21,30.37,30.45,3468.5577
556,154,6,2025-04-05,86.94,30.37,30.45,2640.3678
557,154,6,2025-08-17,90.94,30.37,30.45,2761.8478
558,154,6,2026-01-24,100.43,30.37,30.45,3050.0591000000004
559,155,15,2025-04-21,130.95,595.96,66.68,78040.962
560,155,15,2025-11-30,134.86,595.96,66.68,80371.16560000001
561,156,15,2025-03-01,191.9,96.15,74.53,18451.185
562,156,15,2025-07-13,213.74,96.15,74.53,20551.101
563,156,15,2025-12-15,220.33,96.15,74.53,21184.7295
564,157,6,2024-12-23,140.87,248.29,45.58,34976.6123
565,157,6,2025-02-28,145.94,248.29,45.58,36235.442599999995
566,157,6,2025-05-06,150.76,248.29,45.58,37432.200399999994
567,157,6,2025-07-25,150.23,248.29,45.58,37300.6067
568,157,6,2025-10-10,136.65,248.29,45.58,33928.8285
569,157,6,2025-12-20,135.97,248.29,45.58,33759.9913
570,157,6,2026-03-02,133.59,248.29,45.58,33169.0611
571,158,6,2024-11-25,165.31,572.8,23.94,94689.568
572,158,6,2025-03-28,182.01,572.8,23.94,104255.32799999998
573,158,6,2025-08-03,150.32,572.8,23.94,86103.29599999999
574,158,6,2025-12-13,165.98,572.8,23.94,95073.34399999998
575,158,6,2026-04-13,174.18,572.8,23.94,99770.304
576,159,12,2025-06-17,171.14,510.13,37.69,87303.6482
577,160,6,2025-02-11,176.53,349.86,53.08,61760.785800000005
578,160,6,2025-05-17,185.84,349.86,53.08,65017.9824
579,160,6,2025-08-28,174.14,349.86,53.08,60924.6204
580,160,6,2025-12-15,174.48,349.86,53.08,61043.5728
581,160,6,2026-03-24,151.33,349.86,53.08,52944.3138
582,161,12,2025-01-05,228.13,349.76,43.92,79790.7488
583,161,12,2025-05-11,197.15,349.76,43.92,68955.184
584,161,12,2025-08-30,218.63,349.76,43.92,76468.0288
585,161,12,2026-01-12,238.45,349.76,43.92,83400.272
586,162,12,2025-04-24,240.68,256.91,61.21,61833.09880000001
587,163,12,2025-01-18,191.68,82.07,42.36,15731.1776
588,163,12,2025-04-04,209.78,82.07,42.36,17216.6446
589,163,12,2025-06-30,210.35,82.07,42.36,17263.424499999997
590,163,12,2025-10-02,206.72,82.07,42.36,16965.5104
591,163,12,2026-01-10,209.92,82.07,42.36,17228.1344
592,163,12,2026-03-31,190.96,82.07,42.36,15672.0872
593,164,15,2024-11-08,180.43,57.38,44.65,10353.0734
594,164,15,2025-01-18,190.75,57.38,44.65,10945.235
595,164,15,2025-03-31,202.62,57.38,44.65,11626.3356
596,164,15,2025-06-09,173.95,57.38,44.65,9981.251
597,164,15,2025-08-14,193.38,57.38,44.65,11096.1444
598,164,15,2025-10-28,183.06,57.38,44.65,10503.9828
599,164,15,2026-01-16,185.74,57.38,44.65,10657.7612
600,164,15,2026-03-23,183.52,57.38,44.65,10530.377600000002
601,165,15,2024-12-23,265.71,753.49,56.02,200209.82789999995
602,165,15,2025-04-04,280.79,753.49,56.02,211572.45710000003
603,165,15,2025-07-17,289.53,753.49,56.02,218157.9597
604,165,15,2025-11-16,278.35,753.49,56.02,209733.9415
605,165,15,2026-02-21,245.09,753.49,56.02,184672.8641
606,166,15,2024-10-31,70.15,466.56,41.01,32729.184
607,166,15,2024-11-28,80.79,466.56,41.01,37693.3824
608,166,15,2025-01-02,86.87,466.56,41.01,40530.067200000005
609,166,15,2025-02-03,80.44,466.56,41.01,37530.0864
610,166,15,2025-03-01,76.8,466.56,41.01,35831.808
611,166,15,2025-03-31,81.55,466.56,41.01,38047.968
612,166,15,2025-04-25,78.08,466.56,41.01,36429.0048
613,166,15,2025-05-25,83.62,466.56,41.01,39013.747200000005
614,166,15,2025-06-26,70.72,466.56,41.01,32995.1232
615,166,15,2025-07-22,81.87,466.56,41.01,38197.2672
616,166,15,2025-08-19,81.77,466.56,41.01,38150.6112
617,166,15,2025-09-27,82.96,466.56,41.01,38705.817599999995
618,166,15,2025-11-03,78.07,466.56,41.01,36424.339199999995
619,166,15,2025-12-05,75.71,466.56,41.01,35323.2576
620,166,15,2026-01-09,76.71,466.56,41.01,35789.817599999995
621,166,15,2026-02-08,76.65,466.56,41.01,35761.824
622,166,15,2026-03-08,77.27,466.56,41.01,36051.091199999995
623,166,15,2026-04-05,72.86,466.56,41.01,33993.5616
624,167,6,2025-02-11,110.35,100.76,78.47,11118.866
625,167,6,2025-04-29,122.04,100.76,78.47,12296.7504
626,167,6,2025-08-07,104.02,100.76,78.47,10481.0552
627,167,6,2025-11-07,123.22,100.76,78.47,12415.6472
628,167,6,2026-02-16,123.19,100.76,78.47,12412.6244
629,168,6,2025-02-28,232.43,494.72,21.74,114987.7696
630,168,6,2025-11-09,256.12,494.72,21.74,126707.6864
631,169,12,2024-11-07,75.24,612.3,53.98,46069.45199999999
632,169,12,2024-12-07,78.91,612.3,53.98,48316.59299999999
633,169,12,2025-01-07,90.15,612.3,53.98,55198.845
634,169,12,2025-02-07,92.16,612.3,53.98,56429.56799999999
635,169,12,2025-03-03,75.95,612.3,53.98,46504.185
636,169,12,2025-03-30,85.16,612.3,53.98,52143.46799999999
637,169,12,2025-04-24,84.89,612.3,53.98,51978.147
638,169,12,2025-05-19,76.64,612.3,53.98,46926.672
639,169,12,2025-06-17,91.67,612.3,53.98,56129.541
640,169,12,2025-07-21,86.17,612.3,53.98,52761.891
641,169,12,2025-08-18,87.98,612.3,53.98,53870.153999999995
642,169,12,2025-09-22,80.94,612.3,53.98,49559.562
643,169,12,2025-10-24,90.47,612.3,53.98,55394.780999999995
644,169,12,2025-11-22,89.54,612.3,53.98,54825.342
645,169,12,2025-12-27,85.31,612.3,53.98,52235.312999999995
646,169,12,2026-01-26,87.0,612.3,53.98,53270.1
647,169,12,2026-02-24,76.76,612.3,53.98,47000.148
648,169,12,2026-03-22,86.79,612.3,53.98,53141.517
649,169,12,2026-04-19,86.62,612.3,53.98,53037.426
650,170,6,2025-01-31,207.48,122.08,32.91,25329.158399999997
651,170,6,2025-05-23,226.48,122.08,32.91,27648.678399999997
652,170,6,2025-10-11,210.68,122.08,32.91,25719.8144
653,170,6,2026-03-07,232.63,122.08,32.91,28399.4704
654,171,15,2025-03-10,351.85,112.16,25.1,39463.496
655,171,15,2025-08-30,302.59,112.16,25.1,33938.494399999996
656,171,15,2026-01-30,342.05,112.16,25.1,38364.328
657,172,15,2025-01-31,188.59,59.86,59.72,11288.9974
658,172,15,2025-06-28,208.94,59.86,59.72,12507.1484
659,172,15,2025-12-29,195.31,59.86,59.72,11691.2566
660,173,15,2025-01-16,250.6,140.98,26.65,35329.587999999996
661,173,15,2025-04-07,244.91,140.98,26.65,34527.411799999994
662,173,15,2025-06-22,249.97,140.98,26.65,35240.770599999996
663,173,15,2025-09-09,240.73,140.98,26.65,33938.115399999995
664,173,15,2025-12-13,250.04,140.98,26.65,35250.6392
665,173,15,2026-03-06,207.21,140.98,26.65,29212.4658
666,174,3,2024-12-05,197.94,184.04,79.07,36428.8776
667,174,3,2025-02-17,182.77,184.04,79.07,33636.9908
668,174,3,2025-04-19,168.35,184.04,79.07,30983.134
669,174,3,2025-06-14,160.39,184.04,79.07,29518.175599999995
670,174,3,2025-08-10,174.51,184.04,79.07,32116.820399999997
671,174,3,2025-10-13,169.58,184.04,79.07,31209.5032
672,174,3,2025-12-18,161.74,184.04,79.07,29766.6296
673,174,3,2026-02-10,194.84,184.04,79.07,35858.3536
674,174,3,2026-04-17,173.98,184.04,79.07,32019.279199999997
675,175,11,2024-12-13,200.42,73.26,27.2,14682.7692
676,175,11,2025-04-22,197.29,73.26,27.2,14453.4654
677,175,11,2025-09-04,200.67,73.26,27.2,14701.0842
678,175,11,2026-01-27,174.11,73.26,27.2,12755.298600000002
679,177,11,2024-11-12,55.02,35.54,75.27,1955.4108
680,177,11,2024-12-01,62.01,35.54,75.27,2203.8354
681,177,11,2024-12-23,55.71,35.54,75.27,1979.9334
682,177,11,2025-01-17,58.58,35.54,75.27,2081.9332
683,177,11,2025-02-08,62.67,35.54,75.27,2227.2918
684,177,11,2025-03-02,60.91,35.54,75.27,2164.7414
685,177,11,2025-03-21,62.83,35.54,75.27,2232.9782
686,177,11,2025-04-08,58.0,35.54,75.27,2061.32
687,177,11,2025-04-29,57.22,35.54,75.27,2033.5988
688,177,11,2025-05-17,62.07,35.54,75.27,2205.9678
689,177,11,2025-06-08,61.17,35.54,75.27,2173.9818
690,177,11,2025-07-01,57.38,35.54,75.27,2039.2852
691,177,11,2025-07-26,65.33,35.54,75.27,2321.8282
692,177,11,2025-08-17,64.53,35.54,75.27,2293.3962
693,177,11,2025-09-06,56.5,35.54,75.27,2008.01
694,177,11,2025-09-27,58.12,35.54,75.27,2065.5848
695,177,11,2025-10-20,58.52,35.54,75.27,2079.8008
696,177,11,2025-11-10,64.3,35.54,75.27,2285.222
697,177,11,2025-12-04,59.85,35.54,75.27,2127.069
698,177,11,2025-12-27,55.22,35.54,75.27,1962.5188
699,177,11,2026-01-15,60.05,35.54,75.27,2134.1769999999997
700,177,11,2026-02-05,57.01,35.54,75.27,2026.1354
701,177,11,2026-02-24,61.66,35.54,75.27,2191.3963999999996
702,177,11,2026-03-17,66.0,35.54,75.27,2345.64
703,177,11,2026-04-07,61.74,35.54,75.27,2194.2396
704,177,11,2026-04-27,60.52,35.54,75.27,2150.8808
705,178,15,2025-02-08,208.01,179.09,26.91,37252.5109
706,178,15,2025-07-06,247.46,179.09,26.91,44317.6114
707,178,15,2026-01-13,245.76,179.09,26.91,44013.1584
708,179,15,2024-11-18,194.7,107.56,46.2,20941.932
709,179,15,2025-05-25,219.46,107.56,46.2,23605.1176
710,179,15,2025-12-18,229.58,107.56,46.2,24693.6248
711,180,11,2025-05-13,203.29,139.17,40.37,28291.869299999995
712,180,11,2026-01-29,175.1,139.17,40.37,24368.667
713,181,3,2024-12-27,221.5,314.29,34.18,69615.235
714,181,3,2025-04-06,198.33,314.29,34.18,62333.135700000006
715,181,3,2025-08-17,216.76,314.29,34.18,68125.5004
716,181,3,2026-02-15,233.3,314.29,34.18,73323.857
717,182,5,2025-08-21,999.1,43.76,47.84,43720.616
718,183,15,2024-12-29,63.75,511.89,24.1,32632.9875
719,183,15,2025-03-06,58.94,511.89,24.1,30170.7966
720,183,15,2025-05-10,64.21,511.89,24.1,32868.4569
721,183,15,2025-07-29,65.3,511.89,24.1,33426.417
722,183,15,2025-10-21,68.13,511.89,24.1,34875.0657
723,183,15,2026-01-17,58.66,511.89,24.1,30027.4674
724,183,15,2026-03-21,62.52,511.89,24.1,32003.3628
725,184,13,2024-10-31,318.5,34.83,23.41,11093.355
726,184,13,2025-03-27,299.03,34.83,23.41,10415.2149
727,184,13,2025-09-07,309.12,34.83,23.41,10766.6496
728,184,13,2025-12-19,329.74,34.83,23.41,11484.8442
729,185,15,2025-03-22,286.64,172.88,59.11,49554.3232
730,185,15,2025-06-28,312.16,172.88,59.11,53966.2208
731,185,15,2026-01-09,292.64,172.88,59.11,50591.6032
732,185,15,2026-04-12,306.21,172.88,59.11,52937.5848
733,186,12,2024-11-07,37.45,766.6,58.77,28709.17
734,186,12,2024-12-02,34.84,766.6,58.77,26708.344000000005
735,186,12,2024-12-28,38.57,766.6,58.77,29567.762
736,186,12,2025-01-25,37.08,766.6,58.77,28425.528
737,186,12,2025-02-18,37.82,766.6,58.77,28992.812
738,186,12,2025-03-14,37.73,766.6,58.77,28923.818
739,186,12,2025-04-05,38.78,766.6,58.77,29728.748000000003
740,186,12,2025-04-24,34.8,766.6,58.77,26677.68
741,186,12,2025-05-16,38.53,766.6,58.77,29537.098
742,186,12,2025-06-08,33.78,766.6,58.77,25895.748000000003
743,186,12,2025-07-05,37.38,766.6,58.77,28655.508
744,186,12,2025-07-29,38.61,766.6,58.77,29598.426
745,186,12,2025-08-22,38.28,766.6,58.77,29345.448
746,186,12,2025-09-18,39.56,766.6,58.77,30326.696000000004
747,186,12,2025-10-13,39.35,766.6,58.77,30165.710000000003
748,186,12,2025-11-08,36.52,766.6,58.77,27996.232000000004
749,186,12,2025-12-01,34.77,766.6,58.77,26654.682000000004
750,186,12,2025-12-22,35.35,766.6,58.77,27099.31
751,186,12,2026-01-12,39.89,766.6,58.77,30579.674000000003
752,186,12,2026-02-03,33.03,766.6,58.77,25320.798000000003
753,186,12,2026-02-21,33.49,766.6,58.77,25673.434
754,186,12,2026-03-15,39.75,766.6,58.77,30472.35
755,186,12,2026-04-05,36.28,766.6,58.77,27812.248000000003
756,186,12,2026-04-25,36.8,766.6,58.77,28210.879999999997
757,187,12,2024-12-06,119.17,422.97,66.47,50405.3349
758,187,12,2025-01-18,130.94,422.97,66.47,55383.6918
759,187,12,2025-02-28,127.62,422.97,66.47,53979.43140000001
760,187,12,2025-04-07,132.23,422.97,66.47,55929.3231
761,187,12,2025-05-19,106.84,422.97,66.47,45190.1148
762,187,12,2025-06-22,123.85,422.97,66.47,52384.8345
763,187,12,2025-08-07,118.09,422.97,66.47,49948.5273
764,187,12,2025-09-26,130.58,422.97,66.47,55231.422600000005
765,187,12,2025-11-17,118.13,422.97,66.47,49965.4461
766,187,12,2026-01-03,120.57,422.97,66.47,50997.4929
767,187,12,2026-02-14,118.59,422.97,66.47,50160.0123
768,187,12,2026-03-26,121.97,422.97,66.47,51589.6509
769,187,12,2026-04-28,109.54,422.97,66.47,46332.1338
770,188,1,2025-04-10,422.1,132.39,35.12,55881.819
771,188,1,2026-02-12,409.08,132.39,35.12,54158.10119999999
772,189,11,2024-12-13,252.12,295.61,55.7,74529.19320000001
773,189,11,2025-03-18,221.41,295.61,55.7,65451.0101
774,189,11,2025-07-05,224.54,295.61,55.7,66376.2694
775,189,11,2025-12-19,250.48,295.61,55.7,74044.3928
776,189,11,2026-03-17,239.66,295.61,55.7,70845.8926
777,190,8,2024-11-15,447.6,137.61,58.76,61594.23600000001
778,190,8,2025-06-09,424.34,137.61,58.76,58393.4274
779,190,8,2025-10-11,448.0,137.61,58.76,61649.280000000006
780,190,8,2026-03-17,475.79,137.61,58.76,65473.46190000001
781,191,4,2024-12-14,182.11,96.12,80.0,17504.413200000003
782,191,4,2025-03-27,183.99,96.12,80.0,17685.1188
783,191,4,2025-07-22,196.65,96.12,80.0,18901.998000000003
784,191,4,2025-11-29,179.4,96.12,80.0,17243.928
785,191,4,2026-03-19,208.03,96.12,80.0,19995.8436
786,192,15,2025-05-20,499.06,159.9,72.58,79799.694
787,192,15,2025-12-26,480.03,159.9,72.58,76756.79699999999
788,193,15,2025-02-02,376.71,94.52,22.62,35606.629199999996
789,193,15,2025-06-28,384.26,94.52,22.62,36320.2552
790,193,15,2025-12-11,379.57,94.52,22.62,35876.956399999995
791,194,13,2026-03-16,642.14,55.64,38.57,35728.6696
792,195,12,2024-12-08,204.04,545.86,66.69,111377.2744
793,195,12,2025-04-14,205.6,545.86,66.69,112228.816
794,195,12,2025-08-07,196.71,545.86,66.69,107376.1206
795,195,12,2025-12-02,205.05,545.86,66.69,111928.593
796,195,12,2026-04-02,215.93,545.86,66.69,117867.5498
797,196,4,2025-02-23,306.98,103.85,72.45,31879.873
798,196,4,2025-06-23,353.13,103.85,72.45,36672.5505
799,196,4,2025-11-27,330.94,103.85,72.45,34368.119
800,196,4,2026-04-02,328.79,103.85,72.45,34144.8415
801,197,7,2025-03-22,307.42,83.69,28.84,25727.9798
802,197,7,2025-08-17,297.15,83.69,28.84,24868.4835
803,197,7,2026-03-23,295.71,83.69,28.84,24747.969899999996
804,198,13,2025-04-20,595.67,109.62,42.44,65297.3454
805,198,13,2025-11-27,554.96,109.62,42.44,60834.715200000006
806,199,15,2025-04-06,423.54,65.36,28.26,27682.5744
807,200,6,2024-11-03,44.93,567.37,32.94,25491.9341
808,200,6,2024-11-30,46.22,567.37,32.94,26223.8414
809,200,6,2024-12-26,39.91,567.37,32.94,22643.7367
810,200,6,2025-01-14,41.4,567.37,32.94,23489.118
811,200,6,2025-02-06,43.94,567.37,32.94,24930.2378
812,200,6,2025-02-24,47.28,567.37,32.94,26825.2536
813,200,6,2025-03-18,38.43,567.37,32.94,21804.0291
814,200,6,2025-04-08,45.09,567.37,32.94,25582.713300000003
815,200,6,2025-04-28,44.86,567.37,32.94,25452.2182
816,200,6,2025-05-25,42.42,567.37,32.94,24067.8354
817,200,6,2025-06-16,43.06,567.37,32.94,24430.9522
818,200,6,2025-07-06,44.78,567.37,32.94,25406.8286
819,200,6,2025-07-31,44.86,567.37,32.94,25452.2182
820,200,6,2025-08-21,43.03,567.37,32.94,24413.9311
821,200,6,2025-09-11,39.8,567.37,32.94,22581.325999999997
822,200,6,2025-10-05,40.9,567.37,32.94,23205.433
823,200,6,2025-10-27,46.08,567.37,32.94,26144.4096
824,200,6,2025-11-28,41.86,567.37,32.94,23750.1082
825,200,6,2025-12-20,37.51,567.37,32.94,21282.0487
826,200,6,2026-01-09,40.89,567.37,32.94,23199.7593
827,200,6,2026-01-30,43.89,567.37,32.94,24901.8693
828,200,6,2026-02-19,38.64,567.37,32.94,21923.1768
829,200,6,2026-03-09,37.99,567.37,32.94,21554.3863
830,200,6,2026-03-27,44.68,567.37,32.94,25350.0916
831,200,6,2026-04-18,41.81,567.37,32.94,23721.7397
832,201,11,2025-02-14,196.42,236.21,58.34,46396.3682
833,201,11,2025-08-28,172.19,236.21,58.34,40672.9999
834,201,11,2026-03-05,205.72,236.21,58.34,48593.1212
835,202,7,2024-12-15,309.22,231.98,63.11,71732.85560000001
836,202,7,2025-04-15,334.53,231.98,63.11,77604.26939999999
837,202,7,2025-08-23,308.4,231.98,63.11,71542.632
838,202,7,2026-02-24,344.0,231.98,63.11,79801.12
839,203,14,2025-03-17,669.91,77.48,24.06,51904.6268
840,203,14,2025-12-21,627.26,77.48,24.06,48600.1048
841,204,11,2025-03-22,200.44,20.8,35.22,4169.152
842,204,11,2025-09-06,209.33,20.8,35.22,4354.064
843,204,11,2026-03-16,223.18,20.8,35.22,4642.144
844,205,15,2024-10-31,148.11,199.26,41.14,29512.3986
845,205,15,2025-03-18,123.7,199.26,41.14,24648.462
846,205,15,2025-06-28,137.99,199.26,41.14,27495.8874
847,205,15,2026-01-11,126.74,199.26,41.14,25254.212399999997
848,205,15,2026-04-28,137.54,199.26,41.14,27406.2204
849,206,15,2024-10-31,122.11,251.91,62.96,30760.7301
850,206,15,2025-02-04,141.49,251.91,62.96,35642.7459
851,206,15,2025-04-11,133.95,251.91,62.96,33743.3445
852,206,15,2025-07-06,120.87,251.91,62.96,30448.3617
853,206,15,2025-11-08,120.54,251.91,62.96,30365.2314
854,206,15,2026-02-12,139.78,251.91,62.96,35211.9798
855,206,15,2026-04-20,140.93,251.91,62.96,35501.6763
856,207,1,2025-02-15,393.97,50.91,43.89,20057.0127
857,207,1,2025-06-05,419.58,50.91,43.89,21360.817799999997
858,207,1,2025-12-07,389.32,50.91,43.89,19820.2812
859,207,1,2026-04-14,413.34,50.91,43.89,21043.139399999996
860,208,12,2024-11-11,25.29,605.1,39.92,15302.979
861,208,12,2024-11-22,24.18,605.1,39.92,14631.318
862,208,12,2024-11-30,26.66,605.1,39.92,16131.966
863,208,12,2024-12-14,22.57,605.1,39.92,13657.107
864,208,12,2024-12-23,27.22,605.1,39.92,16470.822
865,208,12,2025-01-04,23.92,605.1,39.92,14473.992000000002
866,208,12,2025-01-14,24.35,605.1,39.92,14734.185
867,208,12,2025-01-23,24.51,605.1,39.92,14831.001000000002
868,208,12,2025-01-31,28.9,605.1,39.92,17487.39
869,208,12,2025-02-08,24.78,605.1,39.92,14994.378
870,208,12,2025-02-17,24.61,605.1,39.92,14891.511
871,208,12,2025-03-01,28.95,605.1,39.92,17517.645
872,208,12,2025-03-11,26.0,605.1,39.92,15732.6
873,208,12,2025-03-22,24.52,605.1,39.92,14837.052
874,208,12,2025-03-31,27.06,605.1,39.92,16374.006
875,208,12,2025-04-12,25.34,605.1,39.92,15333.234
876,208,12,2025-04-21,25.82,605.1,39.92,15623.682
877,208,12,2025-05-01,28.73,605.1,39.92,17384.523
878,208,12,2025-05-12,25.85,605.1,39.92,15641.835
879,208,12,2025-05-23,23.4,605.1,39.92,14159.34
880,208,12,2025-06-02,24.91,605.1,39.92,15073.041
881,208,12,2025-06-13,26.41,605.1,39.92,15980.691
882,208,12,2025-06-24,22.75,605.1,39.92,13766.025
883,208,12,2025-07-08,24.34,605.1,39.92,14728.134
884,208,12,2025-07-20,24.5,605.1,39.92,14824.95
885,208,12,2025-08-03,28.87,605.1,39.92,17469.237
886,208,12,2025-08-14,26.25,605.1,39.92,15883.875
887,208,12,2025-08-22,27.12,605.1,39.92,16410.312
888,208,12,2025-09-01,27.59,605.1,39.92,16694.709
889,208,12,2025-09-14,26.24,605.1,39.92,15877.824
890,208,12,2025-09-23,27.46,605.1,39.92,16616.046000000002
891,208,12,2025-10-07,28.43,605.1,39.92,17202.993000000002
892,208,12,2025-10-20,26.4,605.1,39.92,15974.64
893,208,12,2025-10-31,22.85,605.1,39.92,13826.535000000002
894,208,12,2025-11-10,30.21,605.1,39.92,18280.071
895,208,12,2025-11-24,26.2,605.1,39.92,15853.62
896,208,12,2025-12-08,29.42,605.1,39.92,17802.042
897,208,12,2025-12-22,24.76,605.1,39.92,14982.276000000002
898,208,12,2026-01-04,28.12,605.1,39.92,17015.412
899,208,12,2026-01-18,26.0,605.1,39.92,15732.6
900,208,12,2026-01-29,23.43,605.1,39.92,14177.493
901,208,12,2026-02-06,25.21,605.1,39.92,15254.571000000002
902,208,12,2026-02-16,23.67,605.1,39.92,14322.717000000002
903,208,12,2026-02-26,28.35,605.1,39.92,17154.585000000003
904,208,12,2026-03-05,25.09,605.1,39.92,15181.959
905,208,12,2026-03-14,25.49,605.1,39.92,15423.999
906,208,12,2026-03-22,27.46,605.1,39.92,16616.046000000002
907,208,12,2026-03-30,25.82,605.1,39.92,15623.682
908,208,12,2026-04-07,27.16,605.1,39.92,16434.516
909,208,12,2026-04-17,27.68,605.1,39.92,16749.168
910,208,12,2026-04-27,25.12,605.1,39.92,15200.112
911,209,4,2025-01-25,193.01,224.28,61.52,43288.2828
912,209,4,2025-03-29,200.7,224.28,61.52,45012.996
913,209,4,2025-06-07,216.61,224.28,61.52,48581.2908
914,209,4,2025-08-22,207.69,224.28,61.52,46580.7132
915,209,4,2025-11-16,218.83,224.28,61.52,49079.1924
916,209,4,2026-02-06,210.88,224.28,61.52,47296.1664
917,209,4,2026-04-19,201.28,224.28,61.52,45143.0784
918,210,3,2025-02-06,109.43,38.54,37.63,4217.4322
919,210,3,2025-05-06,127.82,38.54,37.63,4926.1828
920,210,3,2025-09-04,118.38,38.54,37.63,4562.365199999999
921,210,3,2026-01-09,130.08,38.54,37.63,5013.283200000001
922,211,9,2025-01-09,435.72,136.55,46.83,59497.566000000006
923,211,9,2025-10-02,425.94,136.55,46.83,58162.107
924,212,9,2026-04-02,648.98,85.99,44.37,55805.7902
925,213,11,2024-11-09,133.38,394.01,34.16,52553.053799999994
926,213,11,2025-02-03,124.56,394.01,34.16,49077.8856
927,213,11,2025-03-15,151.13,394.01,34.16,59546.7313
928,213,11,2025-05-08,139.76,394.01,34.16,55066.83759999999
929,213,11,2025-07-20,135.13,394.01,34.16,53242.5713
930,213,11,2025-11-07,135.66,394.01,34.16,53451.3966
931,213,11,2026-02-06,124.21,394.01,34.16,48939.982099999994
932,213,11,2026-03-20,123.89,394.01,34.16,48813.8989
933,215,11,2025-05-31,147.03,104.6,51.06,15379.338
934,215,11,2026-03-01,181.85,104.6,51.06,19021.51
935,216,15,2025-08-24,411.68,109.46,79.92,45062.4928
936,217,3,2024-11-12,219.25,143.88,53.0,31545.69
937,217,3,2025-02-21,204.94,143.88,53.0,29486.7672
938,217,3,2025-04-25,198.44,143.88,53.0,28551.547199999997
939,217,3,2025-08-05,228.32,143.88,53.0,32850.681599999996
940,217,3,2026-01-17,195.33,143.88,53.0,28104.080400000003
941,217,3,2026-03-22,211.68,143.88,53.0,30456.5184
942,218,8,2025-04-21,262.54,149.17,33.45,39163.0918
943,218,8,2025-10-21,293.93,149.17,33.45,43845.5381
944,219,15,2025-10-23,283.28,262.79,27.79,74443.1512
945,220,15,2025-01-19,394.57,249.92,69.4,98610.9344
946,220,15,2025-04-29,403.6,249.92,69.4,100867.712
947,220,15,2025-08-29,431.31,249.92,69.4,107792.9952
948,220,15,2026-03-05,427.75,249.92,69.4,106903.28
949,222,10,2024-11-02,93.86,32.43,39.36,3043.8798
950,222,10,2025-01-18,89.16,32.43,39.36,2891.4588
951,222,10,2025-03-21,99.92,32.43,39.36,3240.4056
952,222,10,2025-05-30,89.56,32.43,39.36,2904.4308
953,222,10,2025-07-31,89.37,32.43,39.36,2898.2691
954,222,10,2025-10-07,86.98,32.43,39.36,2820.7614000000003
955,222,10,2025-12-13,90.15,32.43,39.36,2923.5645
956,222,10,2026-02-22,96.71,32.43,39.36,3136.3053
957,223,15,2024-11-03,265.07,254.55,57.5,67473.56850000001
958,223,15,2025-03-17,279.86,254.55,57.5,71238.36300000001
959,223,15,2025-07-29,284.62,254.55,57.5,72450.02100000001
960,223,15,2026-01-05,275.99,254.55,57.5,70253.25450000001
961,224,7,2025-02-28,366.73,92.04,63.24,33753.82920000001
962,224,7,2025-06-03,366.47,92.04,63.24,33729.8988
963,224,7,2025-10-24,358.74,92.04,63.24,33018.4296
964,224,7,2026-03-14,411.13,92.04,63.24,37840.4052
965,225,14,2025-04-11,334.98,48.83,32.65,16357.0734
966,225,14,2025-11-02,325.58,48.83,32.65,15898.0714
967,226,2,2025-05-06,354.59,118.65,44.37,42072.1035
968,226,2,2026-02-02,313.03,118.65,44.37,37141.0095
969,227,2,2024-12-27,230.35,101.11,71.69,23290.6885
970,227,2,2025-03-09,221.85,101.11,71.69,22431.2535
971,227,2,2025-05-05,200.95,101.11,71.69,20318.0545
972,227,2,2025-07-04,189.1,101.11,71.69,19119.901
973,227,2,2025-09-23,210.54,101.11,71.69,21287.6994
974,227,2,2026-01-22,203.15,101.11,71.69,20540.4965
975,227,2,2026-03-17,215.42,101.11,71.69,21781.1162
976,228,9,2025-03-03,264.55,229.4,27.35,60687.77
977,228,9,2025-08-08,277.19,229.4,27.35,63587.386
978,228,9,2026-01-27,233.95,229.4,27.35,53668.13
979,229,15,2024-11-29,171.07,187.38,68.81,32055.096599999997
980,229,15,2025-03-23,172.66,187.38,68.81,32353.030799999997
981,229,15,2025-08-08,158.19,187.38,68.81,29641.6422
982,229,15,2026-02-14,164.24,187.38,68.81,30775.2912
983,230,4,2025-02-13,823.61,52.01,49.84,42835.9561
984,230,4,2025-12-23,733.97,52.01,49.84,38173.7797
985,231,4,2024-11-15,63.7,483.51,49.69,30799.587
986,231,4,2024-12-12,63.2,483.51,49.69,30557.832
987,231,4,2025-01-05,58.55,483.51,49.69,28309.510499999997
988,231,4,2025-01-26,55.81,483.51,49.69,26984.6931
989,231,4,2025-02-16,65.73,483.51,49.69,31781.1123
990,231,4,2025-03-11,62.92,483.51,49.69,30422.4492
991,231,4,2025-04-01,56.58,483.51,49.69,27356.995799999997
992,231,4,2025-04-21,56.35,483.51,49.69,27245.7885
993,231,4,2025-05-13,58.99,483.51,49.69,28522.2549
994,231,4,2025-06-07,63.71,483.51,49.69,30804.4221
995,231,4,2025-07-01,54.27,483.51,49.69,26240.0877
996,231,4,2025-07-21,58.31,483.51,49.69,28193.4681
997,231,4,2025-08-15,68.53,483.51,49.69,33134.9403
998,231,4,2025-09-07,65.95,483.51,49.69,31887.4845
999,231,4,2025-10-04,57.3,483.51,49.69,27705.123
1000,231,4,2025-10-26,58.11,483.51,49.69,28096.7661
1001,231,4,2025-11-21,55.95,483.51,49.69,27052.3845
1002,231,4,2025-12-16,65.07,483.51,49.69,31461.995699999996
1003,231,4,2026-01-06,64.74,483.51,49.69,31302.437399999995
1004,231,4,2026-01-31,55.08,483.51,49.69,26631.7308
1005,231,4,2026-02-26,65.05,483.51,49.69,31452.3255
1006,231,4,2026-03-19,61.07,483.51,49.69,29527.9557
1007,231,4,2026-04-09,60.44,483.51,49.69,29223.3444
1008,232,6,2024-12-10,209.98,16.46,65.83,3456.2708
1009,232,6,2025-03-08,203.39,16.46,65.83,3347.7994
1010,232,6,2025-06-02,183.47,16.46,65.83,3019.9162
1011,232,6,2025-08-29,214.5,16.46,65.83,3530.67
1012,232,6,2025-12-08,199.7,16.46,65.83,3287.062
1013,232,6,2026-02-24,209.57,16.46,65.83,3449.5222
1014,233,4,2024-12-13,228.43,283.1,47.02,64668.53300000001
1015,233,4,2025-02-24,236.58,283.1,47.02,66975.79800000001
1016,233,4,2025-05-09,207.7,283.1,47.02,58799.87
1017,233,4,2025-07-14,199.74,283.1,47.02,56546.39400000001
1018,233,4,2025-09-25,196.9,283.1,47.02,55742.39000000001
1019,233,4,2025-12-13,197.59,283.1,47.02,55937.72900000001
1020,233,4,2026-02-14,208.66,283.1,47.02,59071.646
1021,233,4,2026-04-24,231.07,283.1,47.02,65415.917
1022,234,12,2024-11-17,420.46,134.84,31.94,56694.8264
1023,234,12,2025-04-12,427.39,134.84,31.94,57629.2676
1024,234,12,2025-09-07,405.56,134.84,31.94,54685.7104
1025,234,12,2026-03-07,456.7,134.84,31.94,61581.428
1026,235,3,2024-11-23,227.11,26.09,56.38,5925.2999
1027,235,3,2025-03-09,241.93,26.09,56.38,6311.9537
1028,235,3,2025-06-26,252.23,26.09,56.38,6580.6807
1029,235,3,2025-10-21,227.79,26.09,56.38,5943.0410999999995
1030,235,3,2026-02-09,270.59,26.09,56.38,7059.6930999999995
1031,236,15,2025-08-03,524.67,52.94,50.44,27776.029799999997
1032,237,12,2024-11-24,46.89,385.17,55.02,18060.621300000003
1033,237,12,2024-12-24,37.98,385.17,55.02,14628.7566
1034,237,12,2025-01-18,47.32,385.17,55.02,18226.2444
1035,237,12,2025-02-13,38.39,385.17,55.02,14786.6763
1036,237,12,2025-03-08,42.69,385.17,55.02,16442.9073
1037,237,12,2025-03-30,38.02,385.17,55.02,14644.1634
1038,237,12,2025-04-22,47.02,385.17,55.02,18110.693400000004
1039,237,12,2025-05-16,45.21,385.17,55.02,17413.5357
1040,237,12,2025-06-09,43.29,385.17,55.02,16674.0093
1041,237,12,2025-07-05,40.41,385.17,55.02,15564.7197
1042,237,12,2025-07-27,40.4,385.17,55.02,15560.868
1043,237,12,2025-08-21,41.41,385.17,55.02,15949.8897
1044,237,12,2025-09-16,42.43,385.17,55.02,16342.7631
1045,237,12,2025-10-14,48.63,385.17,55.02,18730.8171
1046,237,12,2025-11-14,42.6,385.17,55.02,16408.242000000002
1047,237,12,2025-12-09,41.6,385.17,55.02,16023.072000000002
1048,237,12,2026-01-03,41.03,385.17,55.02,15803.5251
1049,237,12,2026-01-29,47.13,385.17,55.02,18153.062100000003
1050,237,12,2026-02-26,43.83,385.17,55.02,16882.0011
1051,237,12,2026-03-23,44.34,385.17,55.02,17078.437800000003
1052,237,12,2026-04-20,43.35,385.17,55.02,16697.1195
1053,238,14,2025-03-01,283.79,80.85,23.08,22944.4215
1054,238,14,2025-05-16,322.31,80.85,23.08,26058.763499999997
1055,238,14,2025-08-28,301.13,80.85,23.08,24346.3605
1056,238,14,2026-02-05,320.24,80.85,23.08,25891.404
1057,238,14,2026-04-30,292.11,80.85,23.08,23617.0935
1058,239,15,2024-11-25,76.63,254.73,76.89,19519.9599
1059,239,15,2024-12-29,74.52,254.73,76.89,18982.4796
1060,239,15,2025-02-06,83.85,254.73,76.89,21359.1105
1061,239,15,2025-03-08,75.71,254.73,76.89,19285.608299999996
1062,239,15,2025-04-11,84.3,254.73,76.89,21473.739
1063,239,15,2025-05-15,74.65,254.73,76.89,19015.5945
1064,239,15,2025-06-16,72.57,254.73,76.89,18485.7561
1065,239,15,2025-07-21,71.1,254.73,76.89,18111.302999999996
1066,239,15,2025-08-24,77.55,254.73,76.89,19754.3115
1067,239,15,2025-10-04,80.04,254.73,76.89,20388.5892
1068,239,15,2025-11-14,84.27,254.73,76.89,21466.0971
1069,239,15,2025-12-27,83.09,254.73,76.89,21165.5157
1070,239,15,2026-01-30,86.42,254.73,76.89,22013.7666
1071,239,15,2026-03-08,71.09,254.73,76.89,18108.7557
1072,239,15,2026-04-05,85.98,254.73,76.89,21901.6854
1073,241,14,2025-07-31,611.72,115.02,38.83,70360.0344
1074,242,15,2024-12-08,267.6,115.97,77.44,31033.572000000004
1075,242,15,2025-04-08,273.62,115.97,77.44,31731.7114
1076,242,15,2025-08-16,262.19,115.97,77.44,30406.1743
1077,242,15,2026-01-15,305.0,115.97,77.44,35370.85
1078,243,15,2025-01-13,327.93,159.96,48.79,52455.6828
1079,243,15,2025-11-03,352.43,159.96,48.79,56374.70280000001
1080,244,13,2024-11-11,241.45,125.36,37.43,30268.172
1081,244,13,2025-07-05,279.55,125.36,37.43,35044.388
1082,244,13,2025-12-14,283.82,125.36,37.43,35579.6752
1083,245,7,2025-08-01,484.9,184.63,36.27,89527.087
1084,246,8,2025-08-08,462.85,132.74,58.28,61438.70900000001
1085,247,10,2024-12-03,276.44,238.84,44.41,66024.9296
1086,247,10,2025-03-18,314.94,238.84,44.41,75220.2696
1087,247,10,2025-07-03,295.64,238.84,44.41,70610.65759999999
1088,247,10,2025-11-01,294.11,238.84,44.41,70245.23240000001
1089,247,10,2026-02-20,324.19,238.84,44.41,77429.5396
1090,248,12,2024-11-03,193.67,167.57,74.48,32453.2819
1091,248,12,2025-03-18,175.96,167.57,74.48,29485.6172
1092,248,12,2025-07-11,161.05,167.57,74.48,26987.1485
1093,248,12,2025-11-06,178.17,167.57,74.48,29855.946899999995
1094,248,12,2026-03-06,188.71,167.57,74.48,31622.1347
1095,249,5,2025-05-02,889.32,95.08,76.04,84556.5456
1096,250,4,2024-11-14,42.32,468.62,54.08,19831.9984
1097,250,4,2025-01-05,41.45,468.62,54.08,19424.299000000003
1098,250,4,2025-02-22,37.04,468.62,54.08,17357.6848
1099,250,4,2025-03-28,40.9,468.62,54.08,19166.558
1100,250,4,2025-05-10,38.05,468.62,54.08,17830.990999999998
1101,250,4,2025-06-22,45.29,468.62,54.08,21223.7998
1102,250,4,2025-08-14,38.12,468.62,54.08,17863.7944
1103,250,4,2025-09-28,45.86,468.62,54.08,21490.9132
1104,250,4,2025-11-20,43.72,468.62,54.08,20488.0664
1105,250,4,2026-01-05,37.18,468.62,54.08,17423.2916
1106,250,4,2026-02-16,37.73,468.62,54.08,17681.0326
1107,250,4,2026-03-28,40.51,468.62,54.08,18983.7962
1108,251,4,2025-05-31,799.36,296.78,48.08,237234.0608
1109,252,15,2024-12-03,107.56,198.91,67.45,21394.7596
1110,252,15,2025-01-19,95.86,198.91,67.45,19067.5126
1111,252,15,2025-02-16,106.26,198.91,67.45,21136.1766
1112,252,15,2025-03-14,94.9,198.91,67.45,18876.559
1113,252,15,2025-04-06,108.57,198.91,67.45,21595.6587
1114,252,15,2025-05-02,115.01,198.91,67.45,22876.6391
1115,252,15,2025-05-26,90.43,198.91,67.45,17987.4313
1116,252,15,2025-06-20,93.93,198.91,67.45,18683.6163
1117,252,15,2025-07-20,104.46,198.91,67.45,20778.1386
1118,252,15,2025-08-26,107.94,198.91,67.45,21470.3454
1119,252,15,2025-10-21,104.29,198.91,67.45,20744.3239
1120,252,15,2025-12-23,109.95,198.91,67.45,21870.1545
1121,252,15,2026-01-30,112.3,198.91,67.45,22337.593
1122,252,15,2026-03-06,105.12,198.91,67.45,20909.4192
1123,252,15,2026-03-30,97.74,198.91,67.45,19441.463399999997
1124,252,15,2026-04-24,105.43,198.91,67.45,20971.0813
1125,253,13,2024-12-12,457.23,107.05,44.05,48946.4715
1126,253,13,2026-03-31,501.96,107.05,44.05,53734.818
1127,254,11,2025-01-13,253.69,426.26,77.24,108137.8994
1128,254,11,2025-03-24,246.61,426.26,77.24,105119.9786
1129,254,11,2025-07-07,282.64,426.26,77.24,120478.1264
1130,254,11,2026-01-09,276.3,426.26,77.24,117775.638
1131,254,11,2026-03-22,250.16,426.26,77.24,106633.2016
1132,255,14,2025-03-02,592.88,93.54,29.58,55457.995200000005
1133,255,14,2025-08-24,510.26,93.54,29.58,47729.720400000006
1134,255,14,2026-04-05,637.68,93.54,29.58,59648.5872
1135,256,15,2024-11-21,239.08,185.32,48.69,44306.3056
1136,256,15,2025-06-07,239.59,185.32,48.69,44400.8188
1137,256,15,2025-10-11,264.86,185.32,48.69,49083.8552
1138,256,15,2026-03-17,235.62,185.32,48.69,43665.0984
1139,257,15,2025-03-29,811.55,167.02,65.71,135545.081
1140,258,15,2025-02-03,124.96,160.35,74.17,20037.336
1141,258,15,2025-03-29,128.91,160.35,74.17,20670.7185
1142,258,15,2025-05-20,129.57,160.35,74.17,20776.549499999997
1143,258,15,2025-07-25,136.9,160.35,74.17,21951.915
1144,258,15,2025-10-31,130.32,160.35,74.17,20896.812
1145,258,15,2026-02-03,132.32,160.35,74.17,21217.512
1146,258,15,2026-04-04,133.43,160.35,74.17,21395.5005
1147,259,11,2025-01-26,325.23,108.51,25.46,35290.7073
1148,259,11,2025-05-16,339.62,108.51,25.46,36852.1662
1149,259,11,2025-09-09,339.7,108.51,25.46,36860.847
1150,259,11,2026-01-17,337.43,108.51,25.46,36614.5293
1151,260,1,2025-04-07,556.83,114.29,63.4,63640.10070000001
1152,260,1,2026-04-16,487.25,114.29,63.4,55687.802500000005
1153,261,2,2024-11-24,680.83,123.07,76.07,83789.7481
1154,261,2,2025-07-31,603.07,123.07,76.07,74219.8249
1155,261,2,2026-04-27,580.26,123.07,76.07,71412.5982
1156,262,15,2024-12-07,171.62,333.0,42.47,57149.46
1157,262,15,2025-02-08,167.19,333.0,42.47,55674.27
1158,262,15,2025-03-31,169.17,333.0,42.47,56333.60999999999
1159,262,15,2025-05-27,146.63,333.0,42.47,48827.79
1160,262,15,2025-07-13,180.62,333.0,42.47,60146.46
1161,262,15,2025-09-15,148.77,333.0,42.47,49540.41
1162,262,15,2025-11-09,165.34,333.0,42.47,55058.22
1163,262,15,2026-01-11,174.86,333.0,42.47,58228.380000000005
1164,262,15,2026-03-06,182.17,333.0,42.47,60662.60999999999
1165,262,15,2026-04-27,181.54,333.0,42.47,60452.82
1166,263,15,2024-12-01,194.3,73.4,27.12,14261.620000000004
1167,263,15,2025-02-07,180.65,73.4,27.12,13259.71
1168,263,15,2025-04-07,198.42,73.4,27.12,14564.028
1169,263,15,2025-06-15,169.39,73.4,27.12,12433.226
1170,263,15,2025-08-15,169.31,73.4,27.12,12427.354
1171,263,15,2025-10-13,167.39,73.4,27.12,12286.426
1172,263,15,2025-12-15,191.27,73.4,27.12,14039.218000000004
1173,263,15,2026-02-20,203.8,73.4,27.12,14958.920000000002
1174,263,15,2026-04-23,184.91,73.4,27.12,13572.394
1175,264,10,2025-01-13,176.75,365.29,60.41,64565.00750000001
1176,264,10,2025-04-27,180.03,365.29,60.41,65763.1587
1177,264,10,2025-08-24,171.11,365.29,60.41,62504.77190000001
1178,264,10,2025-12-26,172.98,365.29,60.41,63187.8642
1179,264,10,2026-04-11,181.74,365.29,60.41,66387.8046
1180,265,11,2024-11-05,155.64,80.45,21.93,12521.238
1181,265,11,2025-02-14,160.21,80.45,21.93,12888.8945
1182,265,11,2025-05-20,155.53,80.45,21.93,12512.3885
1183,265,11,2025-08-22,134.85,80.45,21.93,10848.6825
1184,265,11,2025-11-30,137.34,80.45,21.93,11049.003
1185,265,11,2026-03-05,151.44,80.45,21.93,12183.348
1186,266,2,2024-10-31,125.49,54.08,64.43,6786.499199999999
1187,266,2,2025-01-13,118.88,54.08,64.43,6429.0304
1188,266,2,2025-03-02,115.31,54.08,64.43,6235.9648
1189,266,2,2025-04-04,109.06,54.08,64.43,5897.9648
1190,266,2,2025-05-04,108.2,54.08,64.43,5851.456
1191,266,2,2025-06-15,133.86,54.08,64.43,7239.148800000001
1192,266,2,2025-08-10,134.76,54.08,64.43,7287.8208
1193,266,2,2025-10-28,124.33,54.08,64.43,6723.7663999999995
1194,266,2,2026-01-20,126.98,54.08,64.43,6867.0784
1195,266,2,2026-03-07,125.94,54.08,64.43,6810.8351999999995
1196,266,2,2026-04-18,131.69,54.08,64.43,7121.7952
1197,267,5,2025-04-26,443.9,97.89,68.95,43453.371
1198,268,9,2025-02-13,835.35,232.9,79.14,194553.015
1199,269,15,2025-07-04,323.11,35.17,45.63,11363.7787
1200,269,15,2026-03-10,333.43,35.17,45.63,11726.7331
1201,270,4,2025-01-20,304.55,159.72,31.03,48642.726
1202,270,4,2025-06-05,356.94,159.72,31.03,57010.4568
1203,270,4,2025-11-28,318.36,159.72,31.03,50848.459200000005
1204,270,4,2026-04-27,367.66,159.72,31.03,58722.6552
1205,271,13,2025-01-14,181.56,57.07,78.07,10361.6292
1206,271,13,2025-04-03,179.19,57.07,78.07,10226.3733
1207,271,13,2025-06-01,183.44,57.07,78.07,10468.9208
1208,271,13,2025-08-21,183.68,57.07,78.07,10482.6176
1209,271,13,2025-12-30,152.75,57.07,78.07,8717.4425
1210,271,13,2026-03-02,176.22,57.07,78.07,10056.8754
1211,271,13,2026-04-30,175.49,57.07,78.07,10015.2143
1212,272,3,2024-11-16,227.86,174.35,52.14,39727.391
1213,272,3,2025-02-17,240.51,174.35,52.14,41932.9185
1214,272,3,2025-04-12,216.02,174.35,52.14,37663.087
1215,272,3,2025-06-30,242.81,174.35,52.14,42333.9235
1216,272,3,2025-11-08,206.04,174.35,52.14,35923.074
1217,272,3,2026-02-12,212.61,174.35,52.14,37068.5535
1218,272,3,2026-04-03,233.17,174.35,52.14,40653.18949999999
1219,273,1,2025-01-21,671.61,135.95,48.76,91305.3795
1220,273,1,2025-07-05,580.0,135.95,48.76,78851.0
1221,273,1,2026-02-17,721.21,135.95,48.76,98048.4995
1222,274,15,2025-09-11,765.52,67.48,48.74,51657.2896
1223,275,13,2025-09-20,653.05,79.69,41.56,52041.5545
1224,276,3,2024-12-05,155.06,43.1,38.78,6683.086
1225,276,3,2025-02-14,167.61,43.1,38.78,7223.991000000001
1226,276,3,2025-04-25,164.38,43.1,38.78,7084.778
1227,276,3,2025-07-11,159.6,43.1,38.78,6878.76
1228,276,3,2025-09-27,154.68,43.1,38.78,6666.7080000000005
1229,276,3,2025-12-19,167.49,43.1,38.78,7218.819
1230,276,3,2026-02-28,140.08,43.1,38.78,6037.448
1231,276,3,2026-04-27,161.89,43.1,38.78,6977.459
1232,277,4,2025-03-20,901.93,31.46,37.71,28374.7178
1233,277,4,2026-03-17,890.83,31.46,37.71,28025.511800000004
1234,278,4,2025-03-13,799.82,105.0,35.44,83981.1
1235,278,4,2026-03-17,750.25,105.0,35.44,78776.25
1236,279,6,2025-01-05,155.78,588.89,31.04,91737.2842
1237,279,6,2025-03-21,135.97,588.89,31.04,80071.37329999999
1238,279,6,2025-05-23,141.67,588.89,31.04,83428.04629999999
1239,279,6,2025-08-07,130.19,588.89,31.04,76667.5891
1240,279,6,2025-10-16,128.84,588.89,31.04,75872.5876
1241,279,6,2026-01-01,144.63,588.89,31.04,85171.1607
1242,279,6,2026-03-10,125.58,588.89,31.04,73952.80619999999
1243,280,14,2025-06-29,142.02,158.27,28.25,22477.5054
1244,281,7,2025-01-30,372.0,101.56,20.94,37780.32
1245,281,7,2025-05-01,330.1,101.56,20.94,33524.956000000006
1246,281,7,2025-07-29,364.07,101.56,20.94,36974.9492
1247,281,7,2026-01-23,380.61,101.56,20.94,38654.7516
1248,282,4,2025-01-19,266.61,267.06,68.37,71200.86660000001
1249,282,4,2025-04-17,267.16,267.06,68.37,71347.74960000001
1250,282,4,2025-07-19,251.62,267.06,68.37,67197.6372
1251,282,4,2025-10-23,241.99,267.06,68.37,64625.84940000001
1252,282,4,2026-01-24,290.55,267.06,68.37,77594.28300000001
1253,283,15,2025-03-03,517.0,88.29,36.04,45645.93
1254,283,15,2025-07-12,488.69,88.29,36.04,43146.4401
1255,283,15,2026-02-01,438.8,88.29,36.04,38741.652
1256,284,9,2024-11-25,647.2,171.68,59.22,111111.29600000002
1257,284,9,2025-11-01,739.47,171.68,59.22,126952.20960000002
1258,285,1,2025-02-09,333.78,96.2,49.99,32109.636
1259,286,9,2025-09-25,231.37,292.28,48.53,67624.82359999999
1260,287,12,2025-04-06,193.12,167.07,28.65,32264.5584
1261,287,12,2025-12-04,194.17,167.07,28.65,32439.981899999995
1262,288,4,2024-12-26,227.52,85.41,43.03,19432.4832
1263,288,4,2025-03-13,222.47,85.41,43.03,19001.1627
1264,288,4,2025-05-26,235.67,85.41,43.03,20128.574699999997
1265,288,4,2025-08-23,267.8,85.41,43.03,22872.798
1266,288,4,2025-12-11,265.07,85.41,43.03,22639.628699999997
1267,288,4,2026-03-10,230.84,85.41,43.03,19716.0444
1268,289,12,2025-02-04,436.48,245.12,40.44,106989.9776
1269,290,4,2025-04-25,118.91,318.89,53.18,37919.209899999994
1270,290,4,2026-03-17,116.59,318.89,53.18,37179.3851
1271,291,15,2025-03-02,161.49,324.45,24.41,52395.4305
1272,291,15,2025-06-07,185.76,324.45,24.41,60269.831999999995
1273,291,15,2026-01-02,161.1,324.45,24.41,52268.895
1274,291,15,2026-03-19,179.49,324.45,24.41,58235.5305
1275,292,10,2025-03-10,165.01,197.86,41.6,32648.8786
1276,292,10,2025-09-18,164.96,197.86,41.6,32638.985600000004
1277,292,10,2026-03-29,191.64,197.86,41.6,37917.8904
1278,293,15,2024-10-31,110.79,239.46,25.38,26529.7734
1279,293,15,2025-01-04,105.71,239.46,25.38,25313.3166
1280,293,15,2025-02-08,89.59,239.46,25.38,21453.2214
1281,293,15,2025-03-08,91.43,239.46,25.38,21893.827800000003
1282,293,15,2025-03-29,106.18,239.46,25.38,25425.862800000003
1283,293,15,2025-05-03,106.62,239.46,25.38,25531.2252
1284,293,15,2025-06-29,88.57,239.46,25.38,21208.9722
1285,293,15,2025-08-08,96.85,239.46,25.38,23191.701
1286,293,15,2025-10-21,98.93,239.46,25.38,23689.777800000003
1287,293,15,2026-01-03,110.55,239.46,25.38,26472.303
1288,293,15,2026-02-16,90.77,239.46,25.38,21735.7842
1289,293,15,2026-03-13,89.7,239.46,25.38,21479.562
1290,293,15,2026-04-10,107.99,239.46,25.38,25859.2854
1291,294,9,2025-03-23,231.91,91.09,51.27,21124.6819
1292,294,9,2025-07-25,243.0,91.09,51.27,22134.870000000003
1293,294,9,2025-12-28,204.38,91.09,51.27,18616.9742
1294,294,9,2026-04-25,243.78,91.09,51.27,22205.9202
1295,295,3,2025-03-17,276.04,191.42,45.27,52839.5768
1296,295,3,2026-02-16,269.88,191.42,45.27,51660.4296
1297,296,12,2024-11-22,325.52,239.4,28.13,77929.488
1298,296,12,2025-04-04,319.9,239.4,28.13,76584.06
1299,296,12,2025-07-21,274.83,239.4,28.13,65794.302
1300,296,12,2026-01-02,314.64,239.4,28.13,75324.81599999999
1301,296,12,2026-04-24,292.9,239.4,28.13,70120.26
1302,297,4,2025-02-09,153.31,312.0,68.93,47832.72
1303,297,4,2025-07-13,149.11,312.0,68.93,46522.32000000001
1304,297,4,2026-01-06,151.0,312.0,68.93,47112.0
1305,298,11,2025-01-04,128.31,303.19,78.12,38902.3089
1306,298,11,2025-02-22,147.22,303.19,78.12,44635.6318
1307,298,11,2025-04-05,139.47,303.19,78.12,42285.9093
1308,298,11,2025-06-13,130.55,303.19,78.12,39581.4545
1309,298,11,2025-08-28,151.77,303.19,78.12,46015.1463
1310,298,11,2026-01-03,147.6,303.19,78.12,44750.844
1311,298,11,2026-02-27,148.41,303.19,78.12,44996.427899999995
1312,298,11,2026-04-14,133.24,303.19,78.12,40397.0356
1313,299,12,2024-11-11,48.99,201.52,55.53,9872.464800000002
1314,299,12,2024-12-22,49.35,201.52,55.53,9945.012
1315,299,12,2025-02-01,57.02,201.52,55.53,11490.6704
1316,299,12,2025-03-16,57.1,201.52,55.53,11506.792
1317,299,12,2025-05-01,49.81,201.52,55.53,10037.711200000002
1318,299,12,2025-06-12,51.36,201.52,55.53,10350.0672
1319,299,12,2025-07-22,49.31,201.52,55.53,9936.9512
1320,299,12,2025-08-29,57.82,201.52,55.53,11651.8864
1321,299,12,2025-10-13,49.32,201.52,55.53,9938.9664
1322,299,12,2025-11-24,58.47,201.52,55.53,11782.8744
1323,299,12,2026-01-15,56.76,201.52,55.53,11438.2752
1324,299,12,2026-02-28,50.93,201.52,55.53,10263.4136
1325,299,12,2026-03-30,52.34,201.52,55.53,10547.556800000002
1326,300,3,2024-12-07,98.15,146.56,70.87,14384.864
1327,300,3,2025-01-16,84.15,146.56,70.87,12333.024
1328,300,3,2025-02-15,93.81,146.56,70.87,13748.7936
1329,300,3,2025-03-21,94.06,146.56,70.87,13785.4336
1330,300,3,2025-04-21,96.78,146.56,70.87,14184.0768
1331,300,3,2025-05-29,96.12,146.56,70.87,14087.3472
1332,300,3,2025-07-05,83.73,146.56,70.87,12271.4688
1333,300,3,2025-08-04,93.62,146.56,70.87,13720.9472
1334,300,3,2025-09-09,102.16,146.56,70.87,14972.5696
1335,300,3,2025-10-21,89.9,146.56,70.87,13175.744
1336,300,3,2025-11-25,83.81,146.56,70.87,12283.1936
1337,300,3,2025-12-27,81.47,146.56,70.87,11940.2432
1338,300,3,2026-01-24,96.02,146.56,70.87,14072.6912
1339,300,3,2026-02-22,90.05,146.56,70.87,13197.728
1340,300,3,2026-03-24,88.88,146.56,70.87,13026.2528
1341,300,3,2026-04-23,84.77,146.56,70.87,12423.8912
